media_id,theme,title,source
1390996846,новый год и рождество,"Golden satin ribbon and bow on cream gift wrap, ideal for luxury packaging, holiday promos and gift cards",k01_block41.csv
1390996855,еда и выпечка,"Berry glazed doughnuts dusted with sugar on a plate, perfect for bakery menus, delivery apps and dessert ads",k01_block41.csv
1390996859,еда и выпечка,"Four pink glazed doughnuts on a rustic wooden table, ideal for cafe branding, bakery promos and menu headers",k01_block41.csv
1390996868,еда и выпечка,"Fried cheese balls with tomato dip on a floral plate, perfect for tapas menus, delivery apps and snack promos",k01_block41.csv
1390996878,цветы и ботаника,"Gold floral frame with roses around a black center, ideal for wedding invites, luxury menus and certificates",k01_block41.csv
1390996901,кибербезопасность и угрозы,"Glowing digital globe with data streams on dark blue, perfect for fintech ads, logistics decks and it branding",k01_block41.csv
1390996923,еда и выпечка,"Braided cheese bread with herbs on a wooden board, ideal for bakery branding, recipe blogs and menu design",k01_block41.csv
1390996941,природа и пейзаж,"Stone cottage in a green valley at sunset, perfect for travel guides, rural retreats and wellness covers",k01_block41.csv
1390996955,прочее,"Row of colorful polo shirts on hangers in a store, ideal for retail promos, apparel branding and sale banners",k01_block41.csv
1390996959,природа и пейзаж,"Turquoise sea meeting a tropical shore from above, perfect for resort ads, travel promos and spa branding",k01_block41.csv
1390996962,цветы и ботаника,"Illustrated fish among flowers in a bright reef, ideal for kids books, aquarium branding and nature prints",k01_block41.csv
1390996978,еда и выпечка,"Noodle bowl with chopsticks and fresh basil on wood, perfect for asian restaurant menus and delivery apps",k01_block41.csv
1390996999,интерьер и мебель,"Ornate throne in a sunlit palace hall, ideal for fantasy game art, book covers and historical drama",k01_block41.csv
1390997023,цветы и ботаника,"Pink dusk over a mountain lake with wildflowers, perfect for wellness apps, travel prints and calm headers",k01_block41.csv
1390997034,интерьер и мебель,"Blank white bottles on a shelf in soft daylight, ideal for cosmetic mockups, packaging design and shop listings",k01_block41.csv
1390997042,природа и пейзаж,"Sunbeams through a misty green forest clearing, perfect for wellness branding, meditation apps and nature ads",k01_block41.csv
1390997043,новый год и рождество,"Navy banner with gold stars and ribbon border, ideal for award certificates, holiday cards and event invites",k01_block41.csv
1390997075,еда и выпечка,"Sliced white bread loaf on a wooden cutting board, perfect for bakery menus, recipe blogs and grocery ads",k01_block41.csv
1390997083,колоннады и залы,"Ruined stone tower on a hill at golden sunset, ideal for travel guides, history features and fantasy covers",k01_block41.csv
1390997110,еда и выпечка,"Salmon nigiri with strawberry and smoke on a dark plate, perfect for fine dining menus, sushi bars and food ads",k01_block41.csv
1390997125,кибербезопасность и угрозы,"Blue circuit board with a glowing processor chip, ideal for semiconductor ads, it branding and tech covers",k01_block41.csv
1390997162,еда и выпечка,"Sprinkled pink doughnuts stacked on a wooden slab, perfect for bakery promos, kids parties and dessert menus",k01_block41.csv
1390997179,новый год и рождество,"Snowy pine forest glowing at sunset with lights, ideal for christmas promos, winter cards and holiday banners",k01_block41.csv
1390997183,еда и выпечка,"Ripe cherry tomatoes with basil in a ceramic bowl, perfect for recipe blogs, grocery promos and menu headers",k01_block41.csv
1390997187,еда и выпечка,"Sugar dusted doughnut halves on a white plate, ideal for cafe menus, bakery branding and dessert blogs",k01_block41.csv
1390997211,битое стекло и осколки,"Radial crack web across a dark glass pane, perfect for security ads, thriller covers and warning graphics",k01_block41.csv
1390997216,еда и выпечка,"Wooden spoon with mint and seeds on dark timber, ideal for recipe blogs, herbal branding and menu design",k01_block41.csv
1390997218,прочее,"Two champagne flutes against warm bokeh lights, perfect for new year promos, wedding menus and party invites",k01_block41.csv
1390997226,битое стекло и осколки,"Gothic stained glass windows glowing in a dark church, ideal for parish sites, heritage tours and history blogs",k01_block41.csv
1390997239,интерьер и мебель,"Cozy library corner with an orange sofa and books, perfect for reading blogs, bookshop branding and interiors",k01_block41.csv
1390997241,интерьер и мебель,"Minimal marble hallway with an armchair and plant, ideal for interior branding, real estate and staging scenes",k01_block41.csv
1390997247,еда и выпечка,"Illustrated braided pastry on a white background, perfect for bakery packaging, menu icons and recipe cards",k01_block41.csv
1390997252,текстуры и фоны,"Pink and blue light waves flowing across a banner, ideal for music covers, tech intros and event visuals",k01_block41.csv
1390997255,текстуры и фоны,"Glowing wave landscape of red and blue particles, perfect for tech keynotes, album art and dark headers",k01_block41.csv
1390997260,природа и пейзаж,"Colorful alley with papel picado banners in Mexico, ideal for travel guides, fiesta promos and restaurant decor",k01_block41.csv
1390997266,текстуры и фоны,"Golden glitter wave with bokeh on a warm backdrop, perfect for luxury invites, party promos and headers",k01_block41.csv
1390997269,лёд и охлаждение,"Aurora borealis over an icy mountain lake, ideal for travel campaigns, science covers and winter prints",k01_block41.csv
1390997285,текстуры и фоны,"White silk fabric folds in a soft vertical drape, perfect for bridal branding, luxury packaging and covers",k01_block41.csv
1390997291,космос и частицы,"Pink glowing world map on a dark banner, ideal for logistics ads, travel decks and international branding",k01_block41.csv
1390997296,текстуры и фоны,"Blue and gold marbled wave in a wide banner, perfect for luxury packaging, brand covers and headers",k01_block41.csv
1390997313,интерьер и мебель,"Red throne in a rose covered hall with arched light, ideal for fantasy game art, book covers and theatre posters",k02_block42.csv
1390997314,еда и выпечка,"Three glazed doughnuts on a plate against soft pink, perfect for bakery menus, cafe branding and dessert ads",k02_block42.csv
1390997327,еда и выпечка,"Rows of golden sesame buns fresh from the oven, ideal for bakery branding, burger menus and food packaging",k02_block42.csv
1390997353,еда и выпечка,"Margherita pizza with basil and mozzarella on wood, perfect for pizzeria menus, delivery apps and italian food ads",k02_block42.csv
1390997377,еда и выпечка,"Sprinkled doughnuts with cream filling on a tray, ideal for bakery promos, kids parties and dessert menus",k02_block42.csv
1390997378,еда и выпечка,"Onion rings with dipping sauce in a rustic bowl, perfect for pub menus, delivery apps and snack promos",k02_block42.csv
1390997381,текстуры и фоны,"Golden glitter wave flowing across a dark banner, ideal for luxury invites, new year promos and headers",k02_block42.csv
1390997424,колоннады и залы,"Marble podium in an arch overlooking a calm sea, perfect for cosmetics staging, spa branding and product scenes",k02_block42.csv
1390997430,еда и выпечка,"Golden fried nuggets with dip in a dark bowl, ideal for fast food menus, delivery apps and snack ads",k02_block42.csv
1390997431,еда и выпечка,"Cream topped buns with cherry on a white plate, perfect for bakery menus, cafe promos and dessert blogs",k02_block42.csv
1390997440,еда и выпечка,"Assorted glazed doughnuts arranged on a dark plate, ideal for bakery branding, delivery apps and menus",k02_block42.csv
1390997452,интерьер и мебель,"White armchair in a sunlit marble hallway, perfect for interior branding, real estate ads and staging scenes",k02_block42.csv
1390997464,космос и частицы,"Spiral galaxy glowing against deep space, ideal for astronomy blogs, science covers and sci fi art",k02_block42.csv
1390997483,текстуры и фоны,"Golden particle spiral swirling on a dark banner, perfect for tech intros, event visuals and album covers",k02_block42.csv
1390997504,кибербезопасность и угрозы,"Blue earth globe with glowing data links on dark, ideal for logistics ads, telecom branding and it decks",k02_block42.csv
1390997529,лёд и охлаждение,"Snowflake resting on snow under a warm winter sun, perfect for christmas cards, winter promos and holiday ads",k02_block42.csv
1390997536,новый год и рождество,"Golden stars hanging over a warm cream banner, ideal for christmas promos, award cards and event invites",k02_block42.csv
1390997539,еда и выпечка,"Fried nuggets with herbs on a plate with dipping bowl, perfect for delivery apps, pub menus and snack promos",k02_block42.csv
1390997546,интерьер и мебель,"Illuminated arch podium in a minimal white room, ideal for product staging, cosmetics ads and shop scenes",k02_block42.csv
1390997582,еда и выпечка,"Chocolate doughnuts with strawberries and sugar dust, perfect for bakery menus, dessert ads and cafe promos",k02_block42.csv
1390997584,текстуры и фоны,"Blue particle wave flowing across a dark banner, ideal for tech keynotes, saas branding and event headers",k02_block42.csv
1390997585,природа и пейзаж,"River winding through a green valley at sunrise, perfect for travel guides, eco campaigns and nature prints",k02_block42.csv
1390997618,текстуры и фоны,"Pink and blue particle dunes glowing in the dark, ideal for music covers, tech visuals and event backdrops",k02_block42.csv
1390997635,битое стекло и осколки,"Shattered glass burst radiating on dark teal, perfect for security ads, thriller covers and title graphics",k02_block42.csv
1390997641,интерьер и мебель,"Vases and dried grass on a shelf in soft window light, ideal for interior branding, decor shops and mockups",k02_block42.csv
1390997697,еда и выпечка,"Autumn doughnuts and small pumpkins on a wood slab, perfect for fall promos, bakery menus and seasonal ads",k02_block42.csv
1390997713,цветы и ботаника,"Pink and blue coral in a bright underwater close up, ideal for marine conservation, aquarium ads and prints",k02_block42.csv
1390997729,текстуры и фоны,"Moonlit ocean waves rolling onto a dark shore, perfect for meditation apps, travel covers and calm headers",k02_block42.csv
1390997742,интерьер и мебель,"Candlelit rustic bedroom with a bathtub at dusk, ideal for spa retreats, hotel booking and wellness ads",k02_block42.csv
1390997752,еда и выпечка,"Seamless doughnut pattern on a beige background, perfect for bakery packaging, kids textiles and gift wrap",k02_block42.csv
1390997813,колоннады и залы,"Watercolor butterfly with orange and black wings, ideal for kids books, spring cards and nature prints",k02_block42.csv
1390997820,текстуры и фоны,"Blue glowing wave on a deep dark banner, perfect for tech branding, saas headers and event visuals",k02_block42.csv
1390997850,цветы и ботаника,"Purple mountains above a meadow of wildflowers at dusk, ideal for travel prints, wellness apps and covers",k02_block42.csv
1390997852,еда и выпечка,"Three glazed doughnuts on a white plate on wood, perfect for cafe menus, bakery ads and delivery apps",k02_block42.csv
1390997861,еда и выпечка,"Seamless doughnut and waffle pattern on pink, ideal for bakery packaging, kids prints and gift wrap",k02_block42.csv
1390997868,еда и выпечка,"Margherita pizza on a coral background from above, perfect for pizzeria branding, menus and delivery ads",k02_block42.csv
1390997879,природа и пейзаж,"Snow capped peak above soft pastel foothills, ideal for travel prints, wellness branding and calm headers",k02_block42.csv
1390997881,текстуры и фоны,"Blue particle waves rolling across a dark field, perfect for tech intros, data visuals and event backdrops",k02_block42.csv
1390997914,медицина и уход,"Watercolor teddy bear with a blue bow on white, ideal for baby showers, nursery prints and kids cards",k02_block42.csv
1390997915,еда и выпечка,"Slice of caramel flan on a white plate with syrup, perfect for dessert menus, recipe blogs and cafe branding",k02_block42.csv
2088721408,битое стекло и осколки,"Smiling businesswoman with a tablet in an office corridor, ideal for corporate pages, hr ads and consulting sites",m01_block23.csv
2088721412,камни и минералы,"Dark faceted gemstones among black gravel in close up, perfect for jewelry ads, gem shops and luxury backdrops",m01_block23.csv
2088721627,люди и сцены,"Woman smiling at her phone in a bright modern office, ideal for app promos, fintech ads and lifestyle banners",m01_block23.csv
2088721630,люди и сцены,"Painted diverse hands forming a heart together, perfect for charity campaigns, diversity ads and ngo materials",m01_block23.csv
2088721749,природа и пейзаж,"Smiling woman working at a desk in a bright office, ideal for hr pages, coworking ads and small business sites",m01_block23.csv
2088721763,прочее,"Illustrated two women in a meeting at a desk, perfect for hr materials, coaching pages and consulting blogs",m01_block23.csv
2088721869,текстуры и фоны,"Black crystal shards scattered in a dark close up, ideal for gothic backdrops, tech covers and game terrain",m01_block23.csv
2088721873,лёд и охлаждение,"Ice crystals glowing on a dark reflective wide banner, perfect for winter promos, cooling ads and headers",m01_block23.csv
2088721874,лёд и охлаждение,"Clear ice fragments melting on a dark surface, ideal for chilled drink ads and cooling campaigns",m01_block23.csv
2088721888,битое стекло и осколки,"Cracked stained glass texture in warm and cool tones, perfect for wall art, packaging and album covers",m01_block23.csv
2088722072,текстуры и фоны,"Black cracked surface covered with water drops, ideal for weather art, drink ads and moody backdrops",m01_block23.csv
2088722078,битое стекло и осколки,"Wet black glass fragments on a dark reflective floor, perfect for security ads and moody banners",m01_block23.csv
2088722193,текстуры и фоны,"Ornate gemstone brooch resting on black gravel, ideal for jewelry ads, antique shops and luxury banners",m01_block23.csv
2088722210,интерьер и мебель,"Set of four gradient abstract posters in a frame, perfect for interior mockups, art prints and wall decor",m01_block23.csv
2088722213,битое стекло и осколки,"Glass droplets glowing on a dark surface close up, ideal for cosmetics ads, drink promos and dark headers",m01_block23.csv
2088722378,битое стекло и осколки,"Delicate glass burst with fine droplets on black, perfect for minimal covers and dark title graphics",m01_block23.csv
2088722421,битое стекло и осколки,"Cracked glass hole with radiating lines on black, ideal for security ads, crime covers and thriller art",m01_block23.csv
2088722424,текстуры и фоны,"Colorful spiral art in orange blue and pink banner, perfect for creative branding, festival art and headers",m01_block23.csv
2088722502,лёд и охлаждение,"Melting ice pieces on a dark reflective wide banner, ideal for cooling ads, drink promos and cold branding",m01_block23.csv
2088722572,прочее,"Red and orange sunburst of fine rays in vertical crop, perfect for event posters, covers and phone wallpapers",m01_block23.csv
2088722573,интерьер и мебель,"Pencil sketch of folding screen panels on white, ideal for furniture concepts, design blogs and portfolios",m01_block23.csv
2088722576,битое стекло и осколки,"Glass needle burst with droplets on black background, perfect for dark banners and title graphics",m01_block23.csv
2088722592,текстуры и фоны,"Soft pink speckled texture banner with copy space, ideal for beauty branding, baby products and headers",m01_block23.csv
2088722595,лёд и охлаждение,"Ice starburst with radiating branches on dark teal, perfect for winter promos, cooling ads and covers",m01_block23.csv
2088722666,текстуры и фоны,"Black coal chunks lined across a dark wide banner, ideal for mining ads, energy reports and dark headers",m01_block23.csv
2088722667,еда и выпечка,"Doodle frame with fruit hearts and flowers on white, perfect for kids menus, recipe cards and craft templates",m01_block23.csv
2088722736,прочее,"Set of glowing neon game icons on a dark panel, ideal for game ui kits, app design and interface assets",m01_block23.csv
2088722743,природа и пейзаж,"Dense folk mandala pattern in warm ornate colors, perfect for textile prints, packaging and wall art",m01_block23.csv
2088722748,битое стекло и осколки,"Pencil drawn glass shatter burst on white paper, ideal for infographics, print design and editorial art",m01_block23.csv
2088722810,битое стекло и осколки,"Glass tendril burst radiating on a black background, perfect for album covers and dark title graphics",m01_block23.csv
2088722825,прочее,"White light burst with fine rays on deep black, ideal for title cards, event posters and tech intros",m01_block23.csv
2088722829,лёд и охлаждение,"Icy burst with droplets radiating on dark teal, perfect for cooling ads, winter promos and dark headers",m01_block23.csv
2088722941,прочее,"Fluid abstract shapes in orange blue and cream, ideal for wall art prints, brand covers and posters",m01_block23.csv
2088722948,прочее,"Mid century collage banner with circles and branches, perfect for brand headers, prints and presentation slides",m01_block23.csv
2088722955,интерьер и мебель,"Four arch shaped abstract prints in white frames, ideal for interior mockups, gallery walls and decor shops",m01_block23.csv
2088723056,еда и выпечка,"Hands slicing bananas on a wooden board illustration, perfect for recipe blogs, kids nutrition and menus",m01_block23.csv
2088723063,прочее,"Fine white burst radiating from a dark center, ideal for minimal covers, title cards and dark banners",m01_block23.csv
2088723064,прочее,"Neon outline shapes set on a dark purple panel, perfect for game ui kits, app icons and interface assets",m01_block23.csv
2088723159,прочее,"Glowing neon frame elements on a dark panel set, ideal for game ui design, banners and interface kits",m01_block23.csv
2088723250,цветы и ботаника,"Ornate folk mandala on deep red with blue florals, perfect for textile design, packaging and wall prints",m01_block23.csv
2088723253,природа и пейзаж,"Pixel art pattern in purple orange and red banner, ideal for game backdrops, retro branding and textile prints",m02_block24.csv
2088723361,текстуры и фоны,"Hot pink corduroy texture in a vertical banner crop, perfect for beauty branding, fashion covers and headers",m02_block24.csv
2088723446,люди и сцены,"Two smiling children looking out of a train window, ideal for family travel ads, rail promos and school trips",m02_block24.csv
2088723461,текстуры и фоны,"Watercolor bloom in pink orange and blue on paper, perfect for wedding stationery, beauty brands and covers",m02_block24.csv
2088723552,битое стекло и осколки,"Hand holding an ornate brass magnifying glass, ideal for detective stories, research blogs and audit visuals",m02_block24.csv
2088723603,текстуры и фоны,"Rainbow tie dye spiral pattern filling the frame, perfect for festival merch, textile prints and youth branding",m02_block24.csv
2088723652,прочее,"Two women arguing face to face in a kitchen illustration, ideal for conflict articles, hr training and therapy blogs",m02_block24.csv
2088723810,лёд и охлаждение,"Ice crystal burst rising from a wet dark surface, perfect for cooling ads, drink promos and dark headers",m02_block24.csv
2088723966,текстуры и фоны,"Orange and blue tie dye starburst pattern banner, ideal for festival posters, merch prints and youth branding",m02_block24.csv
2088723971,прочее,"Psychedelic poster of a hand holding an eye lens, perfect for gig posters, album art and tattoo flash prints",m02_block24.csv
2088723982,лёд и охлаждение,"Turquoise ice splash bursting on a dark wide banner, ideal for beverage promos, cooling ads and headers",m02_block24.csv
2088724088,природа и пейзаж,"Two women reviewing documents at a bright window desk, perfect for hr pages, consulting ads and finance blogs",m02_block24.csv
2088724142,камни и минералы,"Faceted black gemstones among dark rough stones, ideal for jewelry ads, gem shops and luxury backdrops",m02_block24.csv
2088724285,камни и минералы,"Polished black gems glinting on dark gravel close up, perfect for jewelry branding, gem shops and dark banners",m02_block24.csv
2088724387,люди и сцены,"Three laughing children leaning on a train table, ideal for family travel ads, rail promos and kids brands",m02_block24.csv
2088724401,битое стекло и осколки,"Hand holding a golden magnifier against dark green, perfect for detective art, audit pages and research blogs",m02_block24.csv
2088724714,текстуры и фоны,"Wet black coal chunks piled in a close up view, ideal for mining ads, energy reports and dark backdrops",m02_block24.csv
2088725110,текстуры и фоны,"Golden droplets covering a dark textured surface, perfect for luxury packaging, drink ads and premium covers",m02_block24.csv
2088725254,люди и сцены,"Crowd of joyful people cheering with raised hands, ideal for event promos, community ads and campaign posters",m02_block24.csv
2088725483,люди и сцены,"Man and woman looking at a tablet in a colorful office, perfect for startup pages, teamwork ads and it blogs",m02_block24.csv
2088725508,лёд и охлаждение,"Ice shard burst radiating on a black background, ideal for cooling ads, game effects and title graphics",m02_block24.csv
2088725704,кибербезопасность и угрозы,"Ornate red skull emblem poster on black background, perfect for gig posters, tattoo flash and metal album art",m02_block24.csv
2088725756,битое стекло и осколки,"Thin glass splinter star on a deep black field, ideal for minimal covers and dark title cards",m02_block24.csv
2088725785,лёд и охлаждение,"Turquoise ice explosion with bright core on black, perfect for game effects, energy ads and cooling promos",m02_block24.csv
2088725995,битое стекло и осколки,"Ice tumbler shattering into fragments on dark floor, ideal for insurance ads, bar visuals and drama art",m02_block24.csv
2088726001,медицина и уход,"Four colleagues at a meeting table in a bright office, perfect for teamwork ads, agency pages and hr materials",m02_block24.csv
2088726082,текстуры и фоны,"Golden metallic drops texture in a vertical banner, ideal for luxury packaging, covers and phone wallpapers",m02_block24.csv
2088726180,текстуры и фоны,"Gold foil star texture on a dark vertical panel, perfect for festive invitations, luxury covers and headers",m02_block24.csv
2088726198,битое стекло и осколки,"Faint cracked glass web glowing on a black field, ideal for minimal covers, security art and title cards",m02_block24.csv
2088727051,еда и выпечка,"Bowl of ripe cherry tomatoes with fresh basil leaves, perfect for recipe blogs, menus and grocery promos",m02_block24.csv
2088727057,еда и выпечка,"Berry glazed bundt cake with blueberries and strawberries, ideal for bakery menus, dessert ads and recipe blogs",m02_block24.csv
2088727192,еда и выпечка,"Chocolate cupcakes topped with strawberries and berries, perfect for bakery promos, cafe menus and party ads",m02_block24.csv
2088727345,еда и выпечка,"Golden sugar dusted buns piled on an orange backdrop, ideal for bakery branding, cafe menus and food packaging",m02_block24.csv
2088727390,еда и выпечка,"Stacked chocolate glazed donuts on a plate, perfect for cafe menus, delivery apps and dessert promos",m02_block24.csv
2088727458,еда и выпечка,"Bowl of golden potato dumplings with herbs, ideal for restaurant menus, recipe blogs and food delivery",m02_block24.csv
2088727530,еда и выпечка,"Cream topped buns with chocolate swirls on paper, perfect for bakery menus, cafe promos and dessert ads",m02_block24.csv
2088727997,еда и выпечка,"Caramel rice pudding with mint on a ceramic plate, ideal for dessert menus, recipe blogs and cafe branding",m02_block24.csv
2088728092,еда и выпечка,"Braided sesame bread ring fresh from the oven, perfect for bakery branding, menus and traditional food blogs",m02_block24.csv
2088728147,еда и выпечка,"Chocolate cake topped with nuts on a ceramic plate, ideal for cafe menus, dessert promos and recipe blogs",m02_block24.csv
2088728186,колоннады и залы,"Watercolor city avenue with trees and tram tracks, perfect for urban planning decks, travel prints and posters",m02_block24.csv
2088728201,колоннады и залы,"Engraved hand holding a magnifier in ornate frame, ideal for detective posters, book covers and audit visuals",m03_block25.csv
2088728207,текстуры и фоны,"Rainbow tie dye burst pattern in a wide banner, perfect for festival merch, textile prints and youth branding",m03_block25.csv
2088728299,еда и выпечка,"Caramel topped cheesecake slice with a fork on wood, ideal for cafe menus, dessert blogs and bakery promos",m03_block25.csv
2088728359,еда и выпечка,"Raspberry glazed donuts with fresh berries on a plate, perfect for bakery menus, delivery apps and dessert ads",m03_block25.csv
2088728367,еда и выпечка,"Berry glazed donut on a rustic ceramic plate, ideal for cafe branding, dessert menus and recipe blogs",m03_block25.csv
2088728392,еда и выпечка,"Bowl of diced potatoes with herbs and spices, perfect for restaurant menus, recipe blogs and food delivery",m03_block25.csv
2088728460,еда и выпечка,"Roasted potato wedges with chives in a white bowl, ideal for pub menus, delivery apps and recipe blogs",m03_block25.csv
2088728483,технологии и данные,"Watercolor cloud frame in pink blue and orange, perfect for wedding stationery, kids books and headers",m03_block25.csv
2088728576,еда и выпечка,"Raspberry dusted pastries on a light plate close up, ideal for bakery menus, cafe promos and dessert blogs",m03_block25.csv
2088728578,еда и выпечка,"Rustic bread loaf with rosemary on kraft paper, perfect for bakery branding, menus and artisan food blogs",m03_block25.csv
2088728618,еда и выпечка,"Fried cheese balls with dipping sauce on a plate, ideal for pub menus, delivery apps and snack promos",m03_block25.csv
2088728628,еда и выпечка,"Bowls of grains spices and jars on a rustic table, perfect for organic shops, recipe blogs and food packaging",m03_block25.csv
2088728671,колоннады и залы,"Watercolor city street with trees and tram rails, ideal for urban planning decks, travel prints and posters",m03_block25.csv
2088728687,битое стекло и осколки,"Hand holding an antique magnifier over patina metal, perfect for antique shops, research blogs and audits",m03_block25.csv
2088728743,текстуры и фоны,"Purple and orange tie dye spiral filling the frame, ideal for festival merch, textile prints and album art",m03_block25.csv
2088728744,колоннады и залы,"Pop art hand holding a magnifier on pink and orange, perfect for gig posters, comic art and bold branding",m03_block25.csv
2088728745,космос и частицы,"Pink and blue nebula clouds in a wide space banner, ideal for sci fi covers, music art and dreamy headers",m03_block25.csv
2088728754,прочее,"Psychedelic poster of a hand holding a sun lens, perfect for gig posters, album art and tattoo flash prints",m03_block25.csv
2088728787,интерьер и мебель,"Illustrated shelf of copper teapots and ceramic jars, ideal for tea shop branding, menus and kitchen decor",m03_block25.csv
2088728877,колоннады и залы,"Engraved hand with magnifier on aged parchment, perfect for detective covers, museum prints and audit art",m03_block25.csv
2088728919,колоннады и залы,"Watercolor avenue with green trees and tall buildings, ideal for city planning, travel prints and posters",m03_block25.csv
2088728944,колоннады и залы,"Aged sepia paper texture with a dark vignette border, perfect for vintage layouts, certificates and menus",m03_block25.csv
2088728979,колоннады и залы,"Vintage engraved hand with magnifier in gold frame, ideal for detective posters, book covers and labels",m03_block25.csv
2088728997,текстуры и фоны,"Blue and pink tie dye spiral on fabric banner, perfect for festival merch, textiles and youth branding",m03_block25.csv
2088729002,технологии и данные,"Soft watercolor cloud banner in pastel rainbow tones, ideal for wedding stationery, kids brands and headers",m03_block25.csv
2088729009,люди и сцены,"Two hands in suits touching pen tips on hot pink, perfect for deal announcements, legal ads and business art",m03_block25.csv
2088729017,текстуры и фоны,"Bright rainbow tie dye spiral on square fabric, ideal for merch prints, festival branding and textile design",m03_block25.csv
2088729021,прочее,"Ornate silver fountain pen on a dark background, perfect for legal branding, luxury gifts and contract art",m03_block25.csv
2088729114,прочее,"Hand holding a round mirror over patina wall, ideal for antique shops, art blogs and mystic branding",m03_block25.csv
2088729118,текстуры и фоны,"Rust and gold corrosion texture on a metal wall, perfect for grunge covers, industrial art and backdrops",m03_block25.csv
2088729122,колоннады и залы,"Watercolor boulevard with trees and pale buildings, ideal for urban planning, travel decor and wall prints",m03_block25.csv
2088729123,текстуры и фоны,"Pink and turquoise tie dye burst on fabric, perfect for festival merch, textile prints and youth branding",m03_block25.csv
2088729139,текстуры и фоны,"Warm rainbow tie dye spiral in a wide banner, ideal for merch design, festival posters and textile prints",m03_block25.csv
2088729162,интерьер и мебель,"Illustrated apothecary shelf with jars and copper pots, perfect for herbal branding, tea shops and menus",m03_block25.csv
2088729175,цветы и ботаника,"Watercolor cloud banner in coral blue and cream, ideal for wedding invites, beauty brands and headers",m03_block25.csv
2088729191,текстуры и фоны,"Orange and blue tie dye ripple in a wide banner, perfect for festival merch, textile design and headers",m03_block25.csv
2088729192,прочее,"Fiery orange and blue fractal swirl on a banner, ideal for music covers, event posters and tech headers",m03_block25.csv
2088729204,текстуры и фоны,"Rainbow tie dye fan pattern on square fabric, perfect for merch prints, festival art and textile branding",m03_block25.csv
2088729408,текстуры и фоны,"Gold and teal corroded metal frame with blank center, ideal for vintage layouts, menus and certificate art",m03_block25.csv
2088729464,колоннады и залы,"Ornate bronze frame around aged parchment center, perfect for certificates, menus and vintage brand headers",m03_block25.csv
2088729467,прочее,"Ornate silver ballpoint pen on a light grey surface, ideal for corporate gifts, contract art and stationery ads",m04_block26.csv
2088729488,колоннады и залы,"Engraved hand with magnifier in a gilded frame banner, perfect for detective covers, labels and audit visuals",m04_block26.csv
2088729554,прочее,"Two ornate fountain pens on a dark desk surface, ideal for legal branding, luxury gifts and contract visuals",m04_block26.csv
2088729556,текстуры и фоны,"Vivid tie dye spiral with orange and blue swirls, perfect for festival merch, textile prints and album art",m04_block26.csv
2088729631,прочее,"Engraved black fountain pen on a dark reflective desk, ideal for legal ads, luxury stationery and signings",m04_block26.csv
2088729932,текстуры и фоны,"Red and yellow powder burst on a blue textured panel, perfect for festival posters, art supply ads and covers",m04_block26.csv
2088730055,текстуры и фоны,"Painted sunburst in red and yellow on deep blue, ideal for album covers, festival art and wall prints",m04_block26.csv
2088730124,текстуры и фоны,"Hand holding an ornate mirror over patina backdrop, perfect for antique shops, mystic branding and art blogs",m04_block26.csv
2088730229,текстуры и фоны,"Pink and yellow tie dye starburst on square fabric, ideal for merch prints, festival branding and textiles",m04_block26.csv
2088730247,текстуры и фоны,"Rust and turquoise corrosion texture on a wide banner, perfect for grunge covers, industrial art and headers",m04_block26.csv
2088730401,колоннады и залы,"Watercolor city avenue with green trees and tram line, ideal for urban planning, travel prints and posters",m04_block26.csv
2088730553,интерьер и мебель,"Illustrated pottery shelf with teapots and clay jars, perfect for ceramics shops, tea branding and menus",m04_block26.csv
2088730867,текстуры и фоны,"Aged teal damask wall texture with a light center, ideal for vintage menus, invitations and brand headers",m04_block26.csv
2088730913,заготовки: рамки и бирки,"Black ballpoint pen on a plain white sheet from above, perfect for stationery mockups, forms and office ads",m04_block26.csv
2088731061,текстуры и фоны,"Tie dye texture in orange pink and blue on cloth, ideal for merch design, festival prints and textile branding",m04_block26.csv
2088731362,текстуры и фоны,"Bold tie dye spiral in red blue and yellow vertical, perfect for merch prints, posters and youth branding",m04_block26.csv
2088731474,текстуры и фоны,"Pink and blue tie dye spiral in a wide banner crop, ideal for festival merch, headers and textile prints",m04_block26.csv
2088731497,текстуры и фоны,"Warm ochre grunge texture in a wide banner format, perfect for vintage headers, menus and poster backdrops",m04_block26.csv
2088731716,текстуры и фоны,"Pink and blue tie dye rays radiating across a banner, ideal for festival branding, merch and event headers",m04_block26.csv
2088731835,текстуры и фоны,"Rainbow tie dye spiral stretched into a wide banner, perfect for merch prints, festival art and headers",m04_block26.csv
2088731853,колоннады и залы,"Golden aged parchment banner with ornate corners, ideal for certificates, menus and vintage brand headers",m04_block26.csv
2088732102,текстуры и фоны,"Rainbow watercolor cloud texture in a wide banner, perfect for kids brands, wedding stationery and headers",m04_block26.csv
2088732108,текстуры и фоны,"Rust and gold metal corrosion in a wide banner crop, ideal for grunge covers, industrial art and posters",m04_block26.csv
2088732305,текстуры и фоны,"Warm rust texture with teal patches on a banner, perfect for grunge headers, album art and poster backdrops",m04_block26.csv
2088732308,текстуры и фоны,"Rainbow tie dye spiral on a wide banner background, ideal for festival merch, headers and textile prints",m04_block26.csv
2088732694,еда и выпечка,"Assorted glazed muffins and cupcakes on a white plate, perfect for bakery menus, cafe promos and dessert ads",m04_block26.csv
2088732838,еда и выпечка,"Plate of autumn fruit with apples plums and pumpkins, ideal for harvest promos, recipe blogs and menus",m04_block26.csv
2088732996,еда и выпечка,"Chocolate donut topped with nuts and fresh berries, perfect for bakery menus, delivery apps and dessert ads",m04_block26.csv
2088733001,еда и выпечка,"Crispy fried onion rings piled on a white plate, ideal for pub menus, delivery apps and snack promos",m04_block26.csv
2088733007,еда и выпечка,"Meatballs with mashed potato and herbs on a plate, perfect for restaurant menus, recipe blogs and delivery",m04_block26.csv
2088733243,еда и выпечка,"Fruit glazed donuts with orange slices and berries, ideal for bakery promos, cafe menus and dessert blogs",m04_block26.csv
2113579644,лёд и охлаждение,"Blue frost crystal feathers on a wide winter banner, perfect for winter promos, cooling ads and holiday art",m04_block26.csv
2113579995,лёд и охлаждение,"Turquoise feathery frost texture filling the banner, ideal for winter campaigns, spa branding and headers",m04_block26.csv
2113580323,цветы и ботаника,"Sunlit european street with flowers and green trees, perfect for travel guides, real estate and city promos",m04_block26.csv
2113580651,цветы и ботаника,"Solar panels beside a wildflower meadow at sunset, ideal for green energy ads, esg reports and eco campaigns",m04_block26.csv
2113581716,цветы и ботаника,"Illustrated woman watering flowers by a bright window, perfect for home decor blogs, plant shops and wellness",m04_block26.csv
2113581814,еда и выпечка,"Bottle with fruit and plants on a sunlit kitchen ledge, ideal for healthy food ads, juice branding and menus",m04_block26.csv
2113582005,цветы и ботаника,"Solar panels glowing in a flower field at golden hour, perfect for renewable energy ads, esg and eco reports",m04_block26.csv
2113582226,еда и выпечка,"Fruit and vegetables with a bottle on a warm ledge, ideal for grocery promos, healthy menus and recipe blogs",m04_block26.csv
2113582879,цветы и ботаника,"Quiet green street with flowering shrubs and trees, perfect for real estate ads, travel guides and city promos",m04_block26.csv
2113582980,цветы и ботаника,"Illustrated woman watering plants on a sunny balcony, ideal for gardening blogs, plant shops and home decor",m05_block27.csv
2113583086,цветы и ботаника,"Potted plants on a windowsill in warm morning light, perfect for plant shops, home decor and wellness blogs",m05_block27.csv
2113583170,интерьер и мебель,"Stacks of folded towels in soft pastel colors, ideal for laundry services, spa branding and home textile ads",m05_block27.csv
2113583678,упаковка и бутылки,"Cardboard boxes stacked in a sunlit empty room, perfect for moving services, delivery ads and storage promos",m05_block27.csv
2113583938,интерьер и мебель,"Craft supplies on a table in a bright studio window, ideal for craft shops, workshop promos and hobby blogs",m05_block27.csv
2113583944,заготовки: рамки и бирки,"Cardboard boxes and a vase on a pink lit surface, perfect for packaging design, delivery ads and shop promos",m05_block27.csv
2113584042,интерьер и мебель,"Packaging boxes displayed in a bright retail interior, ideal for brand mockups, ecommerce ads and shop design",m05_block27.csv
2113584153,заготовки: рамки и бирки,"Kraft boxes and stationery on a warm neutral surface, perfect for brand mockups, packaging design and ecommerce",m05_block27.csv
2113584441,еда и выпечка,"Festive table with grilled meat bread and salads, ideal for restaurant menus, catering ads and holiday promos",m05_block27.csv
2113584718,еда и выпечка,"Tacos and bowls on a rustic table in a warm cantina, perfect for mexican restaurant menus and delivery apps",m05_block27.csv
2113585332,еда и выпечка,"Home cooked meal with soup fries and bread on a table, ideal for family recipe blogs, diners and menus",m05_block27.csv
2113585541,еда и выпечка,"Family table spread with burgers juice and salads, perfect for family restaurant ads, catering and menus",m05_block27.csv
2113585855,цветы и ботаника,"Watercolor floral frame with copy space on white, ideal for wedding invites, greeting cards and stationery",m05_block27.csv
2113585912,цветы и ботаника,"Blossoms framing a soft blue watercolor sky banner, perfect for spring promos, cards and beauty branding",m05_block27.csv
2113586055,цветы и ботаника,"Autumn toned floral corners on a cream banner, ideal for greeting cards, menus and boutique branding",m05_block27.csv
2113586217,цветы и ботаника,"Coral flowers in the corner of a white wide banner, perfect for wedding stationery, cards and beauty headers",m05_block27.csv
2113586396,цветы и ботаника,"Soft brown botanical corners on a white banner, ideal for neutral branding, menus and minimal stationery",m05_block27.csv
2113586577,цветы и ботаника,"Pink poppies framing a bright white wide banner, perfect for spring sales, greeting cards and beauty ads",m05_block27.csv
2113586602,цветы и ботаника,"Orange blooms on a warm cream floral banner frame, ideal for autumn promos, menus and boutique headers",m05_block27.csv
2113586772,цветы и ботаника,"Slim floral banner with berries on soft blue, perfect for spring headers, cards and packaging design",m05_block27.csv
2113586946,интерьер и мебель,"Pastel colonnade hall with sunlight on marble floor, ideal for product staging, luxury branding and covers",m05_block27.csv
2113587076,интерьер и мебель,"Blue and pink gradient column corridor with glow, perfect for product scenes, tech branding and covers",m05_block27.csv
2113587078,интерьер и мебель,"Terracotta column corridor receding into warm light, ideal for luxury staging, fashion covers and headers",m05_block27.csv
2113587211,интерьер и мебель,"Blush colonnade with an arch at the far end, perfect for beauty branding, product scenes and covers",m05_block27.csv
2113587212,интерьер и мебель,"Lilac column hall with soft light on the floor, ideal for cosmetics staging, luxury covers and headers",m05_block27.csv
2113587239,интерьер и мебель,"Peach colonnade receding into a bright vaulted hall, perfect for luxury branding, staging and album covers",m05_block27.csv
2113587393,интерьер и мебель,"Teal marble column hall with soft shadows, ideal for product staging, spa branding and cover art",m05_block27.csv
2113587430,интерьер и мебель,"Warm beige column corridor lit from above, perfect for product scenes, fashion covers and brand headers",m05_block27.csv
2113587592,интерьер и мебель,"Dark blue and pink column hall with warm lamps, ideal for luxury branding, event visuals and covers",m05_block27.csv
2113587593,интерьер и мебель,"Green and terracotta columns in a sunlit corridor, perfect for interior branding, staging and covers",m05_block27.csv
2113587635,цветы и ботаника,"Coral classical hall with an arch and columns, ideal for wedding stationery, luxury staging and covers",m05_block27.csv
2113587835,интерьер и мебель,"Dark blue marble column hall with dramatic light, perfect for luxury covers, event visuals and staging",m05_block27.csv
2113587900,интерьер и мебель,"Red column corridor with long shadows on stone, ideal for fashion covers, staging and dramatic headers",m05_block27.csv
2113588073,интерьер и мебель,"Pink and blue gradient columns meeting in a hall, perfect for beauty branding, product scenes and covers",m05_block27.csv
2113588311,интерьер и мебель,"Mint and lilac columns in a bright pastel hall, ideal for cosmetics staging, pastel branding and headers",m05_block27.csv
2113588319,интерьер и мебель,"Terracotta columns and green wall in warm sunlight, perfect for interior design, staging and brand covers",m05_block27.csv
2113588321,интерьер и мебель,"Violet column corridor opening to a bright sky, ideal for dreamy branding, album covers and staging",m05_block27.csv
2113588410,цветы и ботаника,"Coral fluted wall curving across a wide banner, perfect for product staging, beauty ads and headers",m05_block27.csv
2113588428,интерьер и мебель,"Blue gradient fluted wall filling a wide banner, ideal for tech branding, product scenes and headers",m05_block27.csv
2113588549,интерьер и мебель,"Sunlit classical hall with columns and stone floor, perfect for museum promos, wedding venues and covers",m05_block27.csv
2113588917,интерьер и мебель,"Pink fluted wall with an arch niche in sunlight, ideal for beauty staging, product scenes and covers",m06_block28.csv
2113589182,цветы и ботаника,"Mint and pink petals in a soft dreamy close up, perfect for beauty branding, spa promos and cosmetics ads",m06_block28.csv
2113589283,цветы и ботаника,"Pale green flower head with dew in macro view, ideal for skincare ads, spa branding and botanical prints",m06_block28.csv
2113589486,лёд и охлаждение,"Blue toned leaves in a dense frosted close up banner, perfect for winter promos, cooling ads and headers",m06_block28.csv
2113589517,лёд и охлаждение,"Blue fern frond in a dreamy frosted close up, ideal for spa branding, winter ads and botanical prints",m06_block28.csv
2113589528,цветы и ботаника,"Teal fern leaf on a dark misty botanical banner, perfect for spa promos, wellness branding and headers",m06_block28.csv
2113589758,лёд и охлаждение,"Blue frost covered plants under a pale sky banner, ideal for winter campaigns, cooling ads and nature art",m06_block28.csv
2113589772,лёд и охлаждение,"Dense blue frosted blooms filling a wide banner, perfect for winter promos, spa branding and headers",m06_block28.csv
2113590055,цветы и ботаника,"Vivid blue leaves in a lush macro close up banner, ideal for cosmetics ads, spa promos and nature prints",m06_block28.csv
2113590058,цветы и ботаника,"Blue feathery frond against a soft bokeh backdrop, perfect for spa branding, wellness ads and headers",m06_block28.csv
2113590059,цветы и ботаника,"Mint leaves and petals in a soft pastel close up, ideal for skincare ads, spa promos and beauty branding",m06_block28.csv
2113590345,цветы и ботаника,"Teal ferns in a moody botanical close up banner, perfect for wellness branding, spa ads and nature prints",m06_block28.csv
2113590716,цветы и ботаника,"Deep blue foliage filling a wide botanical banner, ideal for cosmetics ads, cool branding and headers",m06_block28.csv
2113590718,цветы и ботаника,"Pink and violet petals in a soft macro close up, perfect for beauty branding, spa promos and cosmetics",m06_block28.csv
2113590725,цветы и ботаника,"Pale mint blooms in a dreamy botanical banner, ideal for skincare ads, wedding stationery and headers",m06_block28.csv
2113591006,цветы и ботаника,"Blue dahlia flower in a bright macro close up, perfect for floral prints, beauty branding and wall art",m06_block28.csv
2113591007,цветы и ботаника,"Sunlit corridor with columns flowers and a stone floor, ideal for wedding venues, luxury staging and covers",m06_block28.csv
2113591284,интерьер и мебель,"Pink hall with columns and a small staircase, perfect for beauty staging, product scenes and covers",m06_block28.csv
2113591507,интерьер и мебель,"White marble hall with columns and soft shadows, ideal for luxury branding, product staging and headers",m06_block28.csv
2113591736,цветы и ботаника,"Pink hall with a round podium and a vase of flowers, perfect for cosmetics staging, beauty ads and covers",m06_block28.csv
2113591918,интерьер и мебель,"Lilac arched corridor receding into pale light, ideal for dreamy branding, album covers and staging",m06_block28.csv
2113591921,интерьер и мебель,"Red column corridor glowing with warm backlight, perfect for dramatic staging, event visuals and covers",m06_block28.csv
2113592132,цветы и ботаника,"Teal coral branches in a textured underwater macro, ideal for marine branding, spa promos and nature art",m06_block28.csv
2113592380,цветы и ботаника,"Mint green leaves with dew in a soft macro banner, perfect for skincare ads, wellness branding and headers",m06_block28.csv
2113592563,лёд и охлаждение,"Icy blue leaves fanning across a bright banner, ideal for winter promos, cooling ads and cool branding",m06_block28.csv
2113592579,текстуры и фоны,"Teal sparkling fabric folds in a macro close up, perfect for luxury packaging, beauty ads and headers",m06_block28.csv
2113592805,лёд и охлаждение,"Frosted blue leaf in a bright dreamy close up, ideal for winter branding, spa promos and botanical prints",m06_block28.csv
2113592972,текстуры и фоны,"Blue velvet dunes with a glittering surface banner, perfect for luxury branding, beauty ads and headers",m06_block28.csv
2113593155,цветы и ботаника,"Pale blue lilies in a bright botanical close up, ideal for wedding stationery, spa ads and floral prints",m06_block28.csv
2113593213,цветы и ботаника,"Blue petals in a swirling macro close up banner, perfect for beauty branding, cosmetics ads and headers",m06_block28.csv
2113593329,текстуры и фоны,"Mint sand ripples with a glittering surface banner, ideal for spa branding, beauty ads and soft headers",m06_block28.csv
2113593393,цветы и ботаника,"Blue leaves fanning against a bokeh lit backdrop, perfect for cosmetics ads, spa promos and nature prints",m06_block28.csv
2113593636,цветы и ботаника,"Blue dahlia beside soft violet blooms in macro, ideal for floral prints, beauty branding and wall art",m06_block28.csv
2113593721,текстуры и фоны,"Violet and blue velvet waves in a macro banner, perfect for luxury packaging, beauty ads and headers",m06_block28.csv
2113593869,цветы и ботаника,"Mint ruffled petals layered across a wide banner, ideal for beauty branding, spa promos and headers",m06_block28.csv
2113594032,интерьер и мебель,"Golden weathered hall with an arch and stone floor, perfect for heritage venues, luxury staging and covers",m06_block28.csv
2113594047,интерьер и мебель,"Grey fluted corridor opening to a bright white end, ideal for tech branding, product staging and covers",m06_block28.csv
2113594058,интерьер и мебель,"Golden lit corridor with reflective marble floor, perfect for luxury branding, hotel ads and event visuals",m06_block28.csv
2113594066,интерьер и мебель,"Violet corridor glowing toward a bright doorway, ideal for dreamy branding, album covers and tech staging",m06_block28.csv
2113594192,цветы и ботаника,"Coral colonnade stretching into warm sunlight, perfect for luxury staging, fashion covers and headers",m06_block28.csv
2113594194,колоннады и залы,"Blue marble corridor with central light, ideal for architecture presentations, tech branding and cover backgrounds",m07_block29_fixed.csv
2113594208,интерьер и мебель,"Golden illuminated corridor with marble floor, perfect for luxury branding, hotel visuals and event covers",m07_block29_fixed.csv
2113594343,колоннады и залы,"Pink fluted corridor receding into a geometric vanishing point, ideal for beauty branding, product scenes and headers",m07_block29_fixed.csv
2113594346,интерьер и мебель,"Warm marble corridor with columns and decorative vase, perfect for hotel branding, luxury staging and gallery covers",m07_block29_fixed.csv
2113594364,интерьер и мебель,"Mint marble corridor opening to a bright archway, ideal for wellness branding, spa visuals and architectural covers",m07_block29_fixed.csv
2113594487,колоннады и залы,"Emerald mist corridor with glowing doorway, perfect for wellness campaigns, futuristic branding and atmospheric covers",m07_block29_fixed.csv
2113594676,колоннады и залы,"Dark marble hall with a bright arched doorway, ideal for luxury staging, museum visuals and dramatic covers",m07_block29_fixed.csv
2113594760,колоннады и залы,"Monochrome marble corridor leading to a bright arch, perfect for editorial covers, architecture decks and minimalist branding",m07_block29_fixed.csv
2113594781,интерьер и мебель,"Pink fluted hallway glowing toward a bright opening, ideal for beauty campaigns, fashion covers and product staging",m07_block29_fixed.csv
2113594797,колоннады и залы,"Red luminous corridor with reflective floor, perfect for event branding, gaming covers and dramatic backgrounds",m07_block29_fixed.csv
2113594905,колоннады и залы,"Blue architectural corridor with strong vertical columns, ideal for technology branding, presentations and headers",m07_block29_fixed.csv
2113594906,колоннады и залы,"Warm stone corridor with arched architecture and sunbeams, perfect for heritage venues, luxury covers and travel visuals",m07_block29_fixed.csv
2113595110,цветы и ботаника,"Coral glowing corridor with reflective floor, ideal for fashion campaigns, event visuals and modern architectural covers",m07_block29_fixed.csv
2113595115,колоннады и залы,"Pink marble corridor with soft diagonal sunlight, perfect for beauty branding, wedding visuals and editorial headers",m07_block29_fixed.csv
2113595252,колоннады и залы,"Lavender corridor with repeating rectangular frames, ideal for dreamy branding, album covers and presentation backgrounds",m07_block29_fixed.csv
2113595344,колоннады и залы,"Terracotta arched corridor with warm sunlight, perfect for resort branding, heritage venues and travel covers",m07_block29_fixed.csv
2113595349,колоннады и залы,"Ornate golden corridor with repeating arches, ideal for luxury hotel branding, cultural venues and dramatic covers",m07_block29_fixed.csv
2113595509,колоннады и залы,"Bright yellow corridor with vertical columns and sunlit floor, perfect for energetic branding, event posters and headers",m07_block29_fixed.csv
2113595549,колоннады и залы,"Red and amber corridor with glossy floor reflections, ideal for cinematic covers, nightlife branding and event visuals",m07_block29_fixed.csv
2113595568,колоннады и залы,"Soft pink fluted corridor with long perspective, perfect for beauty campaigns, fashion layouts and elegant headers",m07_block29_fixed.csv
2113595772,колоннады и залы,"Terracotta marble hall with a pointed arch and sunlight, ideal for heritage architecture, hotel branding and travel covers",m07_block29_fixed.csv
2113595787,колоннады и залы,"Blue misty corridor opening toward a bright sky, perfect for technology branding, innovation decks and cinematic covers",m07_block29_fixed.csv
2113596185,битое стекло и осколки,"Mint glass corridor with transparent panels and soft light, ideal for sustainable design, wellness branding and architecture decks",m07_block29_fixed.csv
2113596188,колоннады и залы,"Turquoise corridor with floating clouds and luminous walls, perfect for travel campaigns, wellness visuals and dreamy covers",m07_block29_fixed.csv
2113596340,колоннады и залы,"Blue and gold corridor with bright central opening, ideal for luxury branding, technology covers and architectural presentations",m07_block29_fixed.csv
2113596421,цветы и ботаника,"Coral arched corridor with tall windows and palm plant, perfect for resort branding, wellness ads and travel covers",m07_block29_fixed.csv
2113596558,интерьер и мебель,"Cream interior alcove with shelves and soft sunlight, ideal for home staging, wellness branding and product scenes",m07_block29_fixed.csv
2113596724,лёд и охлаждение,"Icy blue corridor decorated with floral light patterns, perfect for winter campaigns, holiday covers and event backdrops",m07_block29_fixed.csv
2113596744,колоннады и залы,"Blue and peach corridor with crisp sunlight and vertical panels, ideal for modern branding, product staging and headers",m07_block29_fixed.csv
2113596905,цветы и ботаника,"Warm coral corridor with luminous wall panels, perfect for hotel branding, event visuals and cinematic backgrounds",m07_block29_fixed.csv
2113597080,битое стекло и осколки,"Green glass corridor with reflective floor and botanical light, ideal for eco branding, wellness campaigns and architectural covers",m07_block29_fixed.csv
2113597097,колоннады и залы,"Blue corridor with glowing ceiling and soft mist, perfect for technology branding, innovation visuals and presentation covers",m07_block29_fixed.csv
2113597126,колоннады и залы,"Minimal cream corridor with repeating columns and warm light, ideal for luxury branding, hotel visuals and editorial covers",m07_block29_fixed.csv
2113597211,интерьер и мебель,"Colorful modern corridor with red and blue panels, perfect for creative branding, interior design decks and event posters",m07_block29_fixed.csv
2113597475,битое стекло и осколки,"Glass corridor with bright doorway and garden view, ideal for sustainable architecture, hotel branding and modern interiors",m07_block29_fixed.csv
2113597791,цветы и ботаника,"Orange floral splash with central flower on a white banner, perfect for wedding stationery, packaging and seasonal branding",m07_block29_fixed.csv
2113597930,цветы и ботаника,"Orange and black floral branch arrangement on a white background, ideal for autumn stationery, packaging and editorial design",m07_block29_fixed.csv
2113597934,цветы и ботаника,"Golden flower with gray botanical branches on a white banner, perfect for invitations, packaging and elegant branding",m07_block29_fixed.csv
2113597939,цветы и ботаника,"Orange flowers and botanical branches forming a wide frame, ideal for wedding invites, seasonal cards and packaging design",m07_block29_fixed.csv
2113598009,цветы и ботаника,"Orange floral branch with black leaves on white space, perfect for autumn branding, greeting cards and editorial layouts",m07_block29_fixed.csv
2113600401,интерьер и мебель,Blue and gold marble colonnade for corporate transformation decks and premium conference backdrops,m08_block30.csv
2113600403,интерьер и мебель,"Turquoise misty hallway for meditation apps, spa launches and calm wellness campaigns",m08_block30.csv
2113600574,битое стекло и осколки,Glass passage with warm daylight for hotel lobby concepts and architectural visualization,m08_block30.csv
2113600771,колоннады и залы,"Dark crimson tunnel with luminous frames for thriller titles, nightclub posters and streaming artwork",m08_block30.csv
2113600826,интерьер и мебель,Blue and magenta perspective hallway for sci fi game menus and futuristic technology campaigns,m08_block30.csv
2113600916,интерьер и мебель,"Terracotta colonnade with hard sunlight for Mediterranean hotels, resort brochures and interior design boards",m08_block30.csv
2113601097,интерьер и мебель,"Pink fluted hallway with haze for skincare launches, perfume campaigns and fashion editorials",m08_block30.csv
2113601104,интерьер и мебель,"Lavender arched gallery interior for mental wellness content, art exhibitions and soft editorial covers",m08_block30.csv
2113601296,интерьер и мебель,"Pink violet marble arcade for bridal campaigns, beauty lookbooks and romantic event invitations",m08_block30.csv
2113601409,интерьер и мебель,"Golden columned hall for award ceremonies, luxury launches and five star hospitality advertising",m08_block30.csv
2113601487,интерьер и мебель,"Red marble arcade ending in a white arch for heritage hotels, museum campaigns and period drama covers",m08_block30.csv
2113601672,кибербезопасность и угрозы,Blue marble corridor with fog for cloud security presentations and innovation report covers,m08_block30.csv
2113601692,интерьер и мебель,Pink violet illuminated colonnade for beauty retail interiors and wellness product storytelling,m08_block30.csv
2113601727,цветы и ботаника,"Coral arched interior for resort campaigns, destination weddings and tropical hospitality branding",m08_block30.csv
2113601892,интерьер и мебель,"Amber architectural passage for luxury fashion campaigns, hotel reveals and premium brand films",m08_block30.csv
2113601900,битое стекло и осколки,Green coral glass corridor for sustainable architecture reports and eco hospitality campaigns,m08_block30.csv
2113601918,медицина и уход,"Coral cream colonnade for healthcare interiors, boutique hotels and warm editorial layouts",m08_block30.csv
2113602091,интерьер и мебель,"Red arched corridor for game loading screens, esports posters and suspense campaign art",m08_block30.csv
2113602383,интерьер и мебель,"Dark red reflective passage for crime fiction covers, cinematic title cards and luxury night branding",m08_block30.csv
2113603513,еда и выпечка,"Stadium game day spread with soccer ball, football and snacks for sports media and fan promotions",m08_block30.csv
2113603711,спорт,"Dark stadium tunnel opening onto a lit field for sports broadcast intros, match promos and cinematic football covers",m09_block31.csv
2113603763,прочее,"Small house protected by a yellow umbrella for homeowners insurance, flood awareness and family finance campaigns",m09_block31.csv
2113604120,страхование жилья,"House under an umbrella at sunset for home insurance ads, mortgage planning and climate resilience stories",m09_block31.csv
2113604136,прочее,"White house beneath an orange umbrella for disaster insurance, property protection and weather risk campaigns",m09_block31.csv
2113604384,медицина и уход,"American football helmet with glowing brain for sports intelligence, athlete safety and performance technology campaigns",m09_block31.csv
2113604388,спорт,"Rainy stadium tunnel leading to the pitch for football match trailers, sports streaming and team campaigns",m09_block31.csv
2113604503,природа и пейзаж,"Glowing infinity symbol above a city at night for technology platforms, continuity messaging and enterprise innovation decks",m09_block31.csv
2113604507,спорт,"Wet stadium tunnel framing a bright football field for sports documentary titles, club branding and match day graphics",m09_block31.csv
2113604508,битое стекло и осколки,"Miniature city inside a glass dome for smart city planning, urban investment and real estate presentations",m09_block31.csv
2113604706,медицина и уход,"Doctor consulting an elderly patient at home for healthcare campaigns, senior care services and medical trust content",m09_block31.csv
2113604873,битое стекло и осколки,"Miniature neighborhood under a glass dome for urban development, climate protection and community planning visuals",m09_block31.csv
2113604881,кибербезопасность и угрозы,"Small house beneath a glowing blue umbrella for digital home insurance, mortgage apps and financial protection content",m09_block31.csv
2113605093,природа и пейзаж,"House under an umbrella with city skyline for urban insurance, housing finance and climate adaptation campaigns",m09_block31.csv
2113605324,прочее,"Minimal house and red umbrella on pale blue background for property insurance, mortgage ads and family budgeting visuals",m09_block31.csv
2113605342,медицина и уход,"Blank medicine bottle on a sunlit counter for pharmaceutical packaging, clinical research and medication awareness campaigns",m09_block31.csv
2113605583,медицина и уход,"Healthcare worker visiting an elderly woman at home for home nursing, rehabilitation and senior care advertising",m09_block31.csv
2113605593,космос и частицы,"Luminous red and blue infinity symbol for global connectivity, digital transformation and technology conference branding",m09_block31.csv
2113605867,кибербезопасность и угрозы,"House surrounded by a glowing circular network for smart home security, property technology and real estate innovation",m09_block31.csv
2113606135,медицина и уход,"Unlabeled amber medicine bottle on a warm clinical background for pharmacy branding, supplement packaging and healthcare layouts",m09_block31.csv
2113606137,медицина и уход,"Doctor speaking with an elderly patient in a sunlit room for geriatric care, medical insurance and healthcare campaigns",m09_block31.csv
2113622252,текстуры и фоны,"Orange and blue watercolor cloud background for travel campaigns, youth brands and editorial headers",m10_block32.csv
2113622254,текстуры и фоны,"Teal and yellow marbled watercolor texture for eco packaging, textile prints and wellness branding",m10_block32.csv
2113622476,текстуры и фоны,"Orange and blue flowing abstract surface for sports campaigns, energy branding and bold digital covers",m10_block32.csv
2113622732,еда и выпечка,"Warm honeycomb color texture for food packaging, cosmetics backdrops and modern interior accents",m10_block32.csv
2113623232,текстуры и фоны,"Soft pink cracked paint texture for skincare packaging, beauty editorials and delicate stationery",m10_block32.csv
2113623236,цветы и ботаника,"Organic orange and sage watercolor landscape for botanical packaging, eco campaigns and nature editorials",m10_block32.csv
2113623647,цветы и ботаника,"Vivid orange blue and coral watercolor background for startup decks, event posters and creative branding",m10_block32.csv
2113623658,цветы и ботаника,"Vertical coral and mint marbled texture for spa packaging, textile design and botanical branding",m10_block32.csv
2113623816,текстуры и фоны,"Lavender and blush watercolor texture for wedding stationery, beauty packaging and soft social graphics",m10_block32.csv
2113623962,текстуры и фоны,"Red and blue fluid wave background for technology launches, music artwork and dramatic sports graphics",m10_block32.csv
2113624108,текстуры и фоны,"Pink lavender and white watercolor wave for feminine branding, wellness content and editorial layouts",m10_block32.csv
2113624115,цветы и ботаника,"Blue coral and cream flowing texture for ocean campaigns, resort branding and contemporary wall art",m10_block32.csv
2113624262,текстуры и фоны,"Teal and yellow flowing marbled pattern for swimwear prints, summer packaging and tropical branding",m10_block32.csv
2113624268,текстуры и фоны,"Lilac bubble texture for cosmetics campaigns, perfume packaging and dreamy social media backgrounds",m10_block32.csv
2113624396,текстуры и фоны,"Pastel blue pink and peach layered background for baby products, lifestyle branding and gentle web layouts",m10_block32.csv
2113624399,текстуры и фоны,"Orange violet and blue flowing waves for festival posters, fashion branding and energetic campaign art",m10_block32.csv
2113624406,текстуры и фоны,"Mint yellow and pale blue marbled background for clean beauty, eco brands and summer stationery",m10_block32.csv
2113624536,цветы и ботаника,"Orange blue and coral vertical wave pattern for mobile covers, sportswear prints and modern packaging",m10_block32.csv
2113624741,текстуры и фоны,"Orange and deep blue flowing texture for finance presentations, technology banners and premium editorial covers",m10_block32.csv
2113625174,текстуры и фоны,"Pink lavender and white pebble texture for spa branding, beauty packaging and calm wellness backgrounds",m10_block32.csv
2113620151,интерьер и мебель,"Woman meditating in a sunlit room for mindfulness apps, wellness retreats and mental health campaigns",m11_block33.csv
2113620669,технологии и данные,"Electric vehicle charging beside a modern home at sunset for clean energy ads, smart home services and green real estate",m11_block33.csv
2113620677,спорт,"Rainy stadium tunnel opening onto a football field for sports broadcast intros, match promos and cinematic trailers",m11_block33.csv
2113620814,текстуры и фоны,"Peach and teal watercolor cloud texture for spa packaging, soft editorial layouts and calming wellness branding",m11_block33.csv
2113621030,цветы и ботаника,"Pink and mint flowing surface for skincare packaging, botanical editorials and gentle lifestyle branding",m11_block33.csv
2113621031,текстуры и фоны,"Orange and blue watercolor gradient for travel brochures, youth campaigns and vibrant presentation covers",m11_block33.csv
2113621136,цветы и ботаника,"Warm orange blue and coral watercolor banner for startup decks, event posters and creative agency branding",m11_block33.csv
2113621137,текстуры и фоны,"Lilac and pink pebble texture for beauty packaging, spa campaigns and soft cosmetic backdrops",m11_block33.csv
2113621295,цветы и ботаника,"Red blue and coral fluid wave background for music artwork, gaming promos and high energy digital campaigns",m11_block33.csv
2113621303,цветы и ботаника,"Sage green and coral watercolor landscape for eco packaging, nature editorials and sustainable brand stories",m11_block33.csv
2113621453,текстуры и фоны,"Lavender and blush layered texture for wedding stationery, beauty campaigns and feminine editorial design",m11_block33.csv
2113621454,текстуры и фоны,"Teal yellow and white marbled pattern for swimwear prints, summer packaging and tropical campaign graphics",m11_block33.csv
2113621470,еда и выпечка,"Sage peach and cream watercolor background for organic food labels, eco brands and calm editorial layouts",m11_block33.csv
2113621630,текстуры и фоны,"Pink and violet cloud texture for skincare launches, wellness newsletters and dreamy vertical social graphics",m11_block33.csv
2113621632,интерьер и мебель,"Teal gold and ochre contour pattern for premium packaging, textile design and contemporary interiors",m11_block33.csv
2113621779,текстуры и фоны,"Turquoise and yellow watercolor banner for summer travel, ocean campaigns and fresh beverage branding",m11_block33.csv
2113621785,цветы и ботаника,"Mint yellow and teal watercolor foliage texture for eco campaigns, botanical packaging and nature publications",m11_block33.csv
2113621940,цветы и ботаника,"Coral and sage contour texture for artisan packaging, sustainable fashion prints and earthy interior accents",m11_block33.csv
2113621947,цветы и ботаника,"Coral cream and sage watercolor frame with copy space for organic labels, wellness cards and editorial covers",m11_block33.csv
2113622105,цветы и ботаника,"Vertical coral and sage watercolor texture for eco cosmetics, botanical stationery and sustainable packaging",m11_block33.csv
2113616632,интерьер и мебель,"Woman meditating in a sunlit home interior for mindfulness apps, yoga retreats and mental health campaigns",m12_block34.csv
2113616636,еда и выпечка,"Fresh fruit arranged on a bright kitchen counter for grocery branding, nutrition articles and healthy lifestyle campaigns",m12_block34.csv
2113616643,интерьер и мебель,"Ocean view hotel bedroom with travel luggage for resort advertising, vacation booking and hospitality brochures",m12_block34.csv
2113616828,интерьер и мебель,"Bright hotel bedroom with suitcase and ocean view for travel campaigns, boutique hospitality and vacation rentals",m12_block34.csv
2113617027,интерьер и мебель,"Vintage suitcase in a sunlit hotel room for travel stories, premium luggage branding and destination campaigns",m12_block34.csv
2113617030,люди и сцены,"Couple walking beside a car at sunset for road trip advertising, travel insurance and outdoor lifestyle stories",m12_block34.csv
2113617033,люди и сцены,"Family loading luggage beside a car for vacation rentals, road trip campaigns and travel insurance advertising",m12_block34.csv
2113617195,интерьер и мебель,"Sunlit ocean view bedroom with luggage for hotel booking pages, resort brochures and vacation lifestyle content",m12_block34.csv
2113618013,интерьер и мебель,"Woman meditating in a bright bedroom for sleep apps, wellness retreats and stress management content",m12_block34.csv
2113618149,интерьер и мебель,"Woman writing with tea beside a houseplant for journaling apps, slow living brands and wellness editorial content",m12_block34.csv
2113618272,кибербезопасность и угрозы,"Woman viewing a digital security dashboard for cybersecurity training, privacy software and risk management campaigns",m12_block34.csv
2113618273,интерьер и мебель,"Woman writing in a journal with tea for mindfulness content, wellness newsletters and self care branding",m12_block34.csv
2113618275,кибербезопасность и угрозы,"Futuristic face with red cyber security interface for identity protection, threat intelligence and technology campaigns",m12_block34.csv
2113618423,еда и выпечка,"Fresh fruit on a sunlit kitchen counter for healthy recipes, food magazines and grocery advertising",m12_block34.csv
2113618427,кибербезопасность и угрозы,"Businesswoman analyzing a cybersecurity interface for enterprise risk, data protection and compliance campaigns",m12_block34.csv
2113618428,интерьер и мебель,"Person meditating by a large window for yoga studios, mindfulness courses and wellness retreats",m12_block34.csv
2113618565,интерьер и мебель,"Woman meditating in a warm autumn room for wellness blogs, yoga programs and mindful lifestyle campaigns",m12_block34.csv
2113618736,интерьер и мебель,"Woman meditating in a spacious sunlit room for wellness retreats, yoga advertising and mental health content",m12_block34.csv
2113619094,интерьер и мебель,"Woman practicing meditation in a golden interior for spa branding, wellness apps and stress relief campaigns",m12_block34.csv
2113619807,интерьер и мебель,"Woman writing in a journal with tea for wellness blogs, reflective lifestyle content and mindfulness campaigns",m12_block34.csv
2113614605,прочее,"House beneath a red umbrella for homeowners insurance, mortgage protection and disaster preparedness campaigns",m13_block35.csv
2113614606,прочее,"Small house under a pink umbrella for family insurance, home finance and climate resilience visuals",m13_block35.csv
2113614607,заготовки: рамки и бирки,"White cosmetic containers in warm sunlight for skincare packaging, beauty product launches and spa branding",m13_block35.csv
2113614609,прочее,"Minimal house under a pink umbrella for property insurance ads, mortgage apps and family budgeting content",m13_block35.csv
2113614806,медицина и уход,"Doctor consulting an elderly woman at home for geriatric care, medical insurance and senior health campaigns",m13_block35.csv
2113614943,спорт,"Stadium tunnel framing a football field for sports broadcast openings, match trailers and team promotions",m13_block35.csv
2113614946,спорт,"Football player walking through a rainy stadium tunnel for sports documentaries, club campaigns and match day graphics",m13_block35.csv
2113614948,кибербезопасность и угрозы,"Small house protected by a blue umbrella for home insurance, mortgage planning and property security campaigns",m13_block35.csv
2113614954,космос и частицы,"Glowing infinity symbol above Earth for global connectivity, cloud platforms and digital transformation presentations",m13_block35.csv
2113614981,прочее,"Small house beneath a pink umbrella on a turquoise background for insurance apps, mortgage ads and climate risk content",m13_block35.csv
2113615476,страхование жилья,"House protected by a glowing umbrella in a living room for home insurance, family finance and property safety campaigns",m13_block35.csv
2113615480,кибербезопасность и угрозы,"Digital padlock protecting miniature homes for smart home security, cyber insurance and property technology campaigns",m13_block35.csv
2113615483,природа и пейзаж,"Family walking on a beach at sunset for vacation campaigns, travel insurance and multigenerational tourism content",m13_block35.csv
2113615521,космос и частицы,"Luminous infinity symbol over clouds for cloud computing brands, long term strategy and enterprise innovation decks",m13_block35.csv
2113615531,кибербезопасность и угрозы,"House with a glowing shield for homeowners insurance, smart security systems and family protection advertising",m13_block35.csv
2113615746,спорт,"Floodlit stadium tunnel opening onto a football pitch for sports intros, championship promos and broadcast graphics",m13_block35.csv
2113615766,прочее,"House under a red umbrella on turquoise for property insurance, mortgage planning and disaster recovery campaigns",m13_block35.csv
2113616036,интерьер и мебель,"Open hotel window with tropical beach and suitcase for resort booking, vacation rental and destination marketing",m13_block35.csv
2113616183,люди и сцены,"Couple watching a sunset from a car for road trip brands, travel insurance and romantic tourism campaigns",m13_block35.csv
2113616405,интерьер и мебель,"Hotel bedroom with suitcase and city view for business travel, boutique hospitality and premium booking campaigns",m13_block35.csv
2113612774,кибербезопасность и угрозы,"Glowing house with heart symbol for homeowners insurance, family protection and smart home security campaigns",m14_block36.csv
2113612785,космос и частицы,"Blue infinity symbol above Earth for global cloud platforms, digital continuity and enterprise innovation presentations",m14_block36.csv
2113612959,медицина и уход,"Amber medicine bottle on a clean studio background for pharmacy packaging, supplement branding and clinical layouts",m14_block36.csv
2113612963,еда и выпечка,"Blank kraft pouch on a lilac background for coffee packaging, organic food labels and retail product mockups",m14_block36.csv
2113613128,прочее,"Red umbrella protecting a miniature house for property insurance, mortgage services and disaster preparedness campaigns",m14_block36.csv
2113613275,кибербезопасность и угрозы,"House with a glowing shield for cyber insurance, smart home protection and property security advertising",m14_block36.csv
2113613446,природа и пейзаж,"Blue infinity network above a city for telecom platforms, digital transformation and technology conference branding",m14_block36.csv
2113613605,медицина и уход,"Nurse caring for an elderly patient at home for home healthcare, senior services and medical insurance campaigns",m14_block36.csv
2113613607,прочее,"Small house beneath a red umbrella for homeowners insurance, mortgage planning and climate risk content",m14_block36.csv
2113613621,спорт,"Football stadium tunnel opening onto a lit field for sports broadcast intros, match trailers and championship promos",m14_block36.csv
2113613812,прочее,"Green umbrella protecting a miniature house for flood insurance, climate adaptation and sustainable housing campaigns",m14_block36.csv
2113613819,спорт,"Rainy stadium tunnel with football pitch beyond for sports streaming, club branding and matchday graphics",m14_block36.csv
2113613986,прочее,"House under a red umbrella in a garden setting for family insurance, home finance and property protection ads",m14_block36.csv
2113614142,медицина и уход,"GLP-1 medicine bottle with capsules for pharmaceutical education, prescription drug research and healthcare campaigns",m14_block36.csv
2113614143,страхование жилья,"Small house beneath a red umbrella on turquoise for home insurance apps, mortgage ads and climate resilience visuals",m14_block36.csv
2113614286,прочее,"Solar powered miniature home among plants for sustainable housing, clean energy and green real estate advertising",m14_block36.csv
2113614291,медицина и уход,"Medicine bottle in a bright laboratory for pharmaceutical research, clinical trials and healthcare branding",m14_block36.csv
2113614292,кибербезопасность и угрозы,"Smart home protected by a glowing network ring for connected living, property technology and home security campaigns",m14_block36.csv
2113614293,спорт,"Football stadium tunnel with bright pitch for sports documentaries, team announcements and live broadcast graphics",m14_block36.csv
2113614600,медицина и уход,"Unlabeled medicine bottle in a modern clinic for pharmacy advertising, healthcare packaging and prescription awareness",m14_block36.csv
2113610264,прочее,"Small house beneath a yellow umbrella for homeowners insurance, mortgage protection and climate risk campaigns",m15_block37.csv
2113610266,медицина и уход,"Pharmacy shelf with blank box and medicine bottle for pharmaceutical packaging, retail healthcare and prescription campaigns",m15_block37.csv
2113610271,медицина и уход,"Athlete with glowing brain and football for sports neuroscience, concussion research and performance technology campaigns",m15_block37.csv
2113610452,еда и выпечка,"Blank kraft pouch on a lavender background for cosmetics packaging, coffee labels and natural product branding",m15_block37.csv
2113610461,космос и частицы,"Golden infinity symbol above Earth for global connectivity, cloud strategy and digital transformation presentations",m15_block37.csv
2113610465,кибербезопасность и угрозы,"Smart home inside a glowing blue ring for home automation, property technology and connected security campaigns",m15_block37.csv
2113610873,битое стекло и осколки,"Miniature city inside a glass dome on a rainy street for smart city planning, urban resilience and real estate investment",m15_block37.csv
2113611137,страхование жилья,"Small house beneath a navy umbrella for home insurance, mortgage services and family financial protection",m15_block37.csv
2113611144,заготовки: рамки и бирки,"Blank kraft mailing box for ecommerce packaging, subscription brands and sustainable shipping campaigns",m15_block37.csv
2113611399,медицина и уход,"Medicine bottle in a bright pharmacy for prescription awareness, clinical branding and healthcare advertising",m15_block37.csv
2113611654,прочее,"Small house beneath a red umbrella on white for property insurance, mortgage apps and disaster preparedness content",m15_block37.csv
2113611660,спорт,"Football stadium tunnel opening onto a bright field for sports broadcast intros, match promotions and championship trailers",m15_block37.csv
2113611922,медицина и уход,"Medical research team with medicine bottle for pharmaceutical trials, laboratory branding and healthcare innovation campaigns",m15_block37.csv
2113611931,еда и выпечка,"Blank kraft pouch in a sunlit interior for organic food packaging, coffee branding and retail product mockups",m15_block37.csv
2113611932,заготовки: рамки и бирки,"Blank kraft pouch under directional light for premium packaging, artisan coffee and natural cosmetics branding",m15_block37.csv
2113611935,природа и пейзаж,"Luminous infinity symbol over a violet landscape for AI strategy decks, cloud platforms and innovation conference branding",m15_block37.csv
2113612119,медицина и уход,"Hand holding an amber medicine bottle for pharmacy education, medication adherence and healthcare product advertising",m15_block37.csv
2113612332,прочее,"House protected by a yellow umbrella in a garden for homeowners insurance, sustainable housing and climate adaptation",m15_block37.csv
2113612536,прочее,"Solar powered miniature house among plants for clean energy, sustainable real estate and eco home campaigns",m15_block37.csv
2113612772,спорт,"Rainy stadium tunnel with football field beyond for sports streaming, club branding and matchday graphics",m15_block37.csv
2113598167,цветы и ботаника,"Amber and blue watercolor blooms on a cream banner, ideal for wedding stationery, tea packaging and spa headers",m16_block38.csv
2113598178,цветы и ботаника,"Yellow bloom with dripping ink stems on white, perfect for poetry covers, gallery invites and art prints",m16_block38.csv
2113598209,цветы и ботаника,"Gold and black seed heads in ink wash on cream, ideal for perfume packaging, luxury menus and editorial art",m16_block38.csv
2113598213,цветы и ботаника,"Crimson and orange bloom bursting on white banner, perfect for autumn sales, wine labels and event posters",m16_block38.csv
2113598338,цветы и ботаника,"White blossom on a gold flecked branch on white, ideal for jewelry branding, bridal cards and beauty ads",m16_block38.csv
2113598374,цветы и ботаника,"Coral daisy with slender leaves on ivory banner, perfect for skincare packaging, yoga studios and menus",m16_block38.csv
2113598508,цветы и ботаника,"Yellow daisies in charcoal and ochre ink splash, ideal for jazz posters, craft beer labels and zine covers",m16_block38.csv
2113598643,цветы и ботаника,"Yellow daisy in a blue and orange paint burst, perfect for festival posters, kids brands and album art",m16_block38.csv
2113598650,цветы и ботаника,"Orange poppy in a red and blue splash on white, ideal for sports promos, energy branding and gig posters",m16_block38.csv
2113598694,цветы и ботаника,"Pink starburst bloom with amber rays on cream, perfect for beauty branding, candle labels and cards",m16_block38.csv
2113598702,цветы и ботаника,"Burgundy and gold floral wave across a wide banner, ideal for wine menus, gala invites and luxury headers",m16_block38.csv
2113598707,цветы и ботаника,"Orange bloom with ink drips beside empty cream space, perfect for menus, book covers and quote cards",m16_block38.csv
2113598834,цветы и ботаника,"Orange wildflowers rising from a grey ink cloud, ideal for editorial features, poetry books and posters",m16_block38.csv
2113598999,цветы и ботаника,"Golden flower framed by black leaf sprays on white, perfect for tattoo flash, logo art and packaging",m16_block38.csv
2113599017,цветы и ботаника,"Yellow and blue blooms on a grey branch spray, ideal for stationery sets, spring promos and cards",m16_block38.csv
2113599082,цветы и ботаника,"Two yellow blooms with ink drips on a cream banner, perfect for cafe menus, bakery labels and headers",m16_block38.csv
2113599094,цветы и ботаника,"Yellow flowers cornering a white banner with grey leaves, ideal for wedding invites, spa menus and cards",m16_block38.csv
2113599107,цветы и ботаника,"Red poppy in a grey ink storm on cream, perfect for remembrance posters, editorial art and book covers",m16_block38.csv
2113599221,цветы и ботаника,"Scattered yellow blooms on a wide cream banner, ideal for tea packaging, newsletter headers and menus",m16_block38.csv
2113599540,колоннады и залы,"Sandstone corridor with tall columns in warm sunlight, perfect for heritage venues, hotel branding and travel covers",m16_block38.csv
2113606335,кибербезопасность и угрозы,"Red umbrella sheltering a small house on mint blue, ideal for home insurance ads, mortgage promos and policy pages",m17_block39.csv
2113606527,цветы и ботаника,"Cosmetic jars on a stone tray in warm bedroom light, perfect for skincare branding, spa menus and beauty ads",m17_block39.csv
2113606574,медицина и уход,"Athlete with a glowing brain scan in a stadium tunnel, ideal for sports medicine, concussion research and neuro tech",m17_block39.csv
2113606589,медицина и уход,"Football player with an illuminated brain in a helmet, perfect for concussion articles, sports health and neuro ads",m17_block39.csv
2113606717,спорт,"Empty stadium tunnel opening onto a floodlit pitch, ideal for match promos, broadcast intros and sports posters",m17_block39.csv
2113606720,спорт,"Blank cardboard box floating on a white studio backdrop, perfect for delivery ads, packaging mockups and ecommerce",m17_block39.csv
2113606785,спорт,"Player silhouette walking out of a tunnel to the pitch, ideal for match day promos, sports intros and posters",m17_block39.csv
2113606807,медицина и уход,"Nurse holding an elderly patient's hand in a home bedroom, perfect for hospice care, elder services and insurance",m17_block39.csv
2113606894,космос и частицы,"Neon infinity symbol glowing red over dark terrain, ideal for tech branding, event visuals and album covers",m17_block39.csv
2113606932,медицина и уход,"Two nurses attending an elderly woman in a clinic room, perfect for elder care ads, nursing homes and health insurance",m17_block39.csv
2113606944,страхование жилья,"Green umbrella shielding a small house on turquoise, ideal for eco insurance, green mortgages and policy banners",m17_block39.csv
2113607066,колоннады и залы,"Sunlit passage between houses at golden hour, perfect for real estate ads, neighbourhood guides and travel covers",m17_block39.csv
2113607234,спорт,"Concrete tunnel framing a green stadium pitch, ideal for sports broadcasts, match promos and team posters",m17_block39.csv
2113607332,космос и частицы,"Blue neon infinity reflected on a dark water surface, perfect for tech keynotes, saas branding and event art",m17_block39.csv
2113607337,медицина и уход,"Young athlete with a glowing brain scan in a locker room, ideal for youth sports safety, concussion and neuro ads",m17_block39.csv
2113607435,медицина и уход,"Blank label pill bottle on a white marble surface, perfect for pharma mockups, supplement branding and medical ads",m17_block39.csv
2113607582,медицина и уход,"GLP-1 vial on a blue lit pharmacy shelf background, ideal for weight loss pharma, diabetes care and health news",m17_block39.csv
2113607689,космос и частицы,"Red neon infinity arcing above a glowing planet edge, perfect for sci fi covers, tech intros and event visuals",m17_block39.csv
2113608006,спорт,"Lone figure in a stadium tunnel facing the floodlit pitch, ideal for match promos, sports films and team posters",m17_block39.csv
2113608054,колоннады и залы,"Misty arched tunnel opening onto a green sports pitch, perfect for broadcast intros, match promos and posters",m17_block39.csv
2113608145,страхование жилья,"Coral parasol over a wooden house model on peach, ideal for home insurance ads, mortgage promos and policy banners",m18_block40.csv
2113608572,кибербезопасность и угрозы,"Yellow umbrella above a cottage model on warm ochre, perfect for property insurance, loans and coverage pages",m18_block40.csv
2113608594,медицина и уход,"Hand holding a blank label supplement bottle in daylight, ideal for vitamin branding, pharmacy mockups and health ads",m18_block40.csv
2113608609,кибербезопасность и угрозы,"Laptop with a glowing cloud lock icon in a dark office, perfect for cloud security ads, saas pages and it decks",m18_block40.csv
2113608681,спорт,"Curved tunnel opening onto a floodlit stadium pitch, ideal for broadcast intros, match promos and sports posters",m18_block40.csv
2113608886,кибербезопасность и угрозы,"Navy umbrella sheltering a lit house model on mint, perfect for home insurance, mortgage ads and policy headers",m18_block40.csv
2113608890,медицина и уход,"Night nurse checking on a patient in a home bedroom, ideal for home care services, hospice and elder insurance",m18_block40.csv
2113608895,медицина и уход,"Researchers examining a GLP-1 vial in a bright lab, perfect for pharma news, clinical trials and biotech ads",m18_block40.csv
2113608923,кибербезопасность и угрозы,"Neon shield with a house icon glowing on coral, ideal for home security ads, insurance branding and alarm services",m18_block40.csv
2113609140,природа и пейзаж,"Infinity symbol of golden lights above a night city, perfect for tech branding, event visuals and album covers",m18_block40.csv
2113609376,страхование жилья,"Red umbrella over a house model on a marble ledge, ideal for insurance banners, mortgage promos and policy pages",m18_block40.csv
2113609380,медицина и уход,"Hand holding a blank supplement jar on a marble counter, perfect for vitamin branding, wellness mockups and packaging",m18_block40.csv
2113609384,природа и пейзаж,"Lit family house among green gardens at sunset, ideal for real estate listings, mortgage ads and neighbourhood guides",m18_block40.csv
2113609385,медицина и уход,"Football helmet with a glowing brain scan on a lit pitch, perfect for concussion research, sports health and neuro ads",m18_block40.csv
2113609606,кибербезопасность и угрозы,"Navy umbrella beside a tiny house on cream banner, ideal for insurance headers, policy pages and mortgage promos",m18_block40.csv
2113609810,кибербезопасность и угрозы,"Holographic blue house above a city skyline at night, perfect for proptech ads, smart home branding and it decks",m18_block40.csv
2113609813,кибербезопасность и угрозы,"Glowing house with data rings on a night city street, ideal for smart home ads, iot branding and security services",m18_block40.csv
2113609816,спорт,"Dark ribbed tunnel framing a bright stadium pitch, perfect for match promos, broadcast intros and sports posters",m18_block40.csv
2113610046,кибербезопасность и угрозы,"Coral parasol above a cottage in sunlit greenery, ideal for home insurance ads, garden cover and property promos",m18_block40.csv
2113610261,интерьер и мебель,"Three blank label cosmetic jars on a terracotta ledge, perfect for skincare branding, spa menus and packaging mockups",m18_block40.csv
1391012248,битое стекло и осколки,"Stained glass rosette with a glowing sun center, ideal for church websites, meditation apps and wall prints",n01_block13.csv
1391012254,текстуры и фоны,"Painted rainbow wave banner with paint drips, perfect for pride campaigns, kids branding and event headers",n01_block13.csv
1391012284,новый год и рождество,"Golden ribbon and bow on cream gift wrap vertical, ideal for holiday cards, luxury packaging and gift promos",n01_block13.csv
1391012344,текстуры и фоны,"Layered blue and pink sand dune texture banner, perfect for beauty branding, spa headers and album covers",n01_block13.csv
1391012351,еда и выпечка,"Golden fried croquettes with dipping sauce from above, ideal for delivery apps, pub menus and snack packaging",n01_block13.csv
1391012358,цветы и ботаника,"Earth globe framed by lush green leaves illustration, perfect for eco campaigns, esg reports and earth day art",n01_block13.csv
1391012361,цветы и ботаника,"Folk art lion and lamb resting among red flowers, ideal for childrens books, church art and peace posters",n01_block13.csv
1391012376,текстуры и фоны,"Glowing blue particle wave on a deep night background, perfect for tech intros, ai branding and app splash",n01_block13.csv
1391012402,битое стекло и осколки,"Gothic cathedral window with stained glass in the dark, ideal for church sites, history blogs and film stills",n01_block13.csv
1391012501,прочее,"Minimal geometric shapes in terracotta and cream, perfect for boho decor prints, brand covers and posters",n01_block13.csv
1391012537,битое стекло и осколки,"Painted champagne flutes in a row on vivid canvas, ideal for bar menus, party invites and celebration art",n01_block13.csv
1391012545,текстуры и фоны,"Beige paper origami folds with water drops texture, perfect for packaging design, craft branding and covers",n01_block13.csv
1391012553,цветы и ботаника,"Enchanted forest path with flowers in soft blue light, ideal for fantasy book covers, game art and posters",n01_block13.csv
1391012600,текстуры и фоны,"Glowing particle waves in pink and orange on black, perfect for music covers, tech banners and event visuals",n01_block13.csv
1391012627,природа и пейзаж,"Retro dotted pattern in burgundy and yellow banner, ideal for textile prints, packaging and vintage branding",n01_block13.csv
1391012632,лёд и охлаждение,"Frozen lake surface with cracked ice from above, perfect for climate stories, winter ads and travel features",n01_block13.csv
1391012638,цветы и ботаника,"Seamless cannabis leaf pattern on dark green, ideal for dispensary branding, packaging and wellness labels",n01_block13.csv
1391012642,битое стекло и осколки,"Folk illustrated champagne glasses in a floral frame, perfect for wedding invites, new year cards and menus",n01_block13.csv
1391012644,кибербезопасность и угрозы,"Blue lit server corridor in a modern data center, ideal for cloud hosting ads, it decks and cyber branding",n01_block13.csv
1391012707,цветы и ботаника,"Earth globe inside a forest archway with flowers, perfect for eco campaigns, earth day posters and esg covers",n01_block13.csv
1391012725,космос и частицы,"Cosmic explosion of red and blue light in deep space, ideal for sci fi covers, music art and tech intros",n01_block13.csv
1391012789,еда и выпечка,"Broken chocolate pieces scattered on a brown surface, perfect for confectionery packaging, menus and food ads",n01_block13.csv
1391012799,природа и пейзаж,"Wooden park bench against a graffiti covered wall, ideal for urban lifestyle, city guides and street art posts",n01_block13.csv
1391012829,текстуры и фоны,"Weathered concrete wall with orange and teal paint, perfect for grunge backdrops, album covers and posters",n01_block13.csv
1391012850,текстуры и фоны,"Swirling orange and blue paint vortex in vertical crop, ideal for album covers, phone wallpapers and posters",n01_block13.csv
1391012894,текстуры и фоны,"Soft blue watercolor clouds with gold accents banner, perfect for wedding stationery, beauty and luxury brands",n01_block13.csv
1391012900,медицина и уход,"Illustrated white tooth on a peach watercolor patch, ideal for dental clinics, kids dentistry and oral care",n01_block13.csv
1391012903,природа и пейзаж,"Earth globe surrounded by dense green treetops, perfect for reforestation campaigns, esg reports and eco ads",n01_block13.csv
1391012955,кибербезопасность и угрозы,"Dark server aisle with blue lights in a data center, ideal for cloud services, cybersecurity and it pages",n01_block13.csv
1391013008,текстуры и фоны,"Deep blue glitter wave on a dark night banner, perfect for luxury branding, event headers and album covers",n01_block13.csv
1391013021,текстуры и фоны,"Golden spiral galaxy made of tiny dots on black, ideal for astronomy blogs, science covers and event posters",n01_block13.csv
1391013060,битое стекло и осколки,"Mosaic of colorful glass tiles in vertical stripes, perfect for wall art prints, packaging and craft branding",n01_block13.csv
1391013088,битое стекло и осколки,"Water drops on glass over orange and blue gradient, ideal for drink ads, weather art and cooling campaigns",n01_block13.csv
1391013095,космос и частицы,"Red cosmic burst with star field in vertical format, perfect for sci fi covers, posters and phone wallpapers",n01_block13.csv
1391013111,символы и иконки,"Heart eyes emoji on a soft pink textile background, ideal for social media kits, love posts and sticker packs",n01_block13.csv
1391013198,текстуры и фоны,"Swirling blue and orange liquid marble texture banner, perfect for luxury covers, packaging and brand headers",n01_block13.csv
1391013204,цветы и ботаника,"Seamless green cannabis leaf texture filling the frame, ideal for cbd packaging, dispensary art and hemp labels",n01_block13.csv
1391013216,текстуры и фоны,"Glowing neon wave landscape in purple and blue, perfect for music covers, tech banners and game backdrops",n01_block13.csv
1391013280,текстуры и фоны,"Cracked gold and pale blue paint texture close up, ideal for luxury packaging, art prints and brand covers",n01_block13.csv
1391013293,текстуры и фоны,"Golden particle wave flowing over a dark backdrop, perfect for luxury branding, event headers and tech intros",n01_block13.csv
1391013313,природа и пейзаж,"Red spiral pattern with fine yellow lines seamless, ideal for textile prints, gift wrap and packaging design",n02_block14.csv
1391013318,прочее,"Red blue and orange paint splashes on white banner, perfect for art supply ads, festival posters and covers",n02_block14.csv
1391013333,еда и выпечка,"Pink glazed donuts with a green apple on a plate, ideal for bakery menus, cafe promos and dessert delivery",n02_block14.csv
1391013340,природа и пейзаж,"Earth globe on a dense green forest canopy from above, perfect for esg reports, earth day and climate campaigns",n02_block14.csv
1391013405,цветы и ботаника,"Sunlit forest path lined with wildflowers in mist, ideal for fantasy book covers, wellness sites and prints",n02_block14.csv
1391013432,природа и пейзаж,"Winding river through green mangrove forest vertical, perfect for eco travel, conservation and nature stories",n02_block14.csv
1391013478,природа и пейзаж,"Aerial view of a river delta in tropical rainforest, ideal for climate reports, travel features and eco ads",n02_block14.csv
1391013492,битое стекло и осколки,"Gothic cathedral stained glass rose window interior, perfect for church sites, heritage tours and history blogs",n02_block14.csv
1391013517,природа и пейзаж,"Plastic waste floating in a misty forest river, ideal for pollution reports, eco campaigns and ngo materials",n02_block14.csv
1391013543,текстуры и фоны,"Abstract orange and blue collage with circles, perfect for brand covers, presentation slides and wall art",n02_block14.csv
1391013612,природа и пейзаж,"Turquoise river winding through dense green forest, ideal for eco travel, conservation ads and nature prints",n02_block14.csv
1391013617,природа и пейзаж,"Braided river channels in a lush mangrove delta, perfect for climate features, geography and eco reports",n02_block14.csv
1391013636,битое стекло и осколки,"Two narrow stained glass panels in warm colors, ideal for church decor, window mockups and heritage prints",n02_block14.csv
1391013684,текстуры и фоны,"Foaming turquoise river current seen from above, perfect for adventure travel, water sports and nature art",n02_block14.csv
1391013693,текстуры и фоны,"Marbled blue and white river of paint in vertical crop, ideal for luxury packaging, covers and phone wallpapers",n02_block14.csv
1391013694,битое стекло и осколки,"Painted champagne flutes on a vivid abstract table, perfect for bar menus, party invites and wine list art",n02_block14.csv
1391013739,битое стекло и осколки,"Tall gothic stained glass window glowing in the dark, ideal for church websites, film stills and heritage art",n02_block14.csv
1391013822,текстуры и фоны,"Black and gold agate texture with wavy layers, perfect for luxury packaging, brand covers and wall prints",n02_block14.csv
1391013860,природа и пейзаж,"Emerald river curving through tropical forest vertical, ideal for eco travel posts, conservation and stories",n02_block14.csv
1391013923,текстуры и фоны,"Blue and gold wavy agate pattern filling the frame, perfect for luxury branding, packaging and wall art",n02_block14.csv
1391013956,текстуры и фоны,"Bauhaus style shapes in rust cream and navy vertical, ideal for gallery prints, brand covers and posters",n02_block14.csv
1391013972,текстуры и фоны,"Orange geometric maze pattern on textured banner, perfect for packaging design, headers and textile prints",n02_block14.csv
1391013999,битое стекло и осколки,"Pop art champagne glasses on hot pink background, ideal for club flyers, party invites and cocktail menus",n02_block14.csv
1391014035,текстуры и фоны,"Blue and gold agate swirl in a vertical banner crop, perfect for phone wallpapers, packaging and covers",n02_block14.csv
1391014052,цветы и ботаника,"Retro floral tile pattern in beige and brown, ideal for wallpaper design, textile prints and vintage packaging",n02_block14.csv
1391014099,текстуры и фоны,"Dense gold glitter texture on dark background banner, perfect for luxury invitations, headers and packaging",n02_block14.csv
1393271942,образование,"Painted graduation cap on an orange abstract canvas, ideal for university promos, diploma cards and edu ads",n02_block14.csv
1393272364,прочее,"Grid of glowing amber capsule buttons on black, perfect for game ui kits, app interfaces and dark themes",n02_block14.csv
1393273023,битое стекло и осколки,"Glass shatter burst with fine splinters on black, ideal for security ads, thriller covers and title cards",n02_block14.csv
1393273443,битое стекло и осколки,"Bullet hole in dark glass with radiating splinters, perfect for crime covers, news graphics and security ads",n02_block14.csv
1393273746,интерьер и мебель,"Row of brass pendant lamps glowing on a dark wall, ideal for interior catalogs, restaurant decor and lighting",n02_block14.csv
1393273887,интерьер и мебель,"Three brass pendant lamps over a warm empty shelf, perfect for interior mockups, decor shops and product scenes",n02_block14.csv
1393275161,природа и пейзаж,"Isometric miniature city with factories and roads, ideal for logistics decks, smart city ads and infographics",n02_block14.csv
1393275818,битое стекло и осколки,"Single clear glass shard on a dark reflective floor, perfect for minimal covers, security art and title cards",n02_block14.csv
1393275974,битое стекло и осколки,"Scattered glass splinters falling on black vertical, ideal for story frames, thriller art and dark posters",n02_block14.csv
1393276020,битое стекло и осколки,"Ring of glass shards around a black hole center, perfect for album covers, security art and title graphics",n02_block14.csv
1393278053,битое стекло и осколки,"Glass starburst with thin splinters on black background, ideal for title cards, tech covers and dark banners",n02_block14.csv
1393278752,битое стекло и осколки,"Eight pointed glass star burst on deep black, perfect for winter titles, album art and holiday graphics",n02_block14.csv
1393279172,битое стекло и осколки,"Small glass burst with scattered dust on black, ideal for minimal covers, dark banners and title graphics",n02_block14.csv
1393279311,битое стекло и осколки,"Glass explosion with dense splinters filling the frame, perfect for action posters, gaming art and covers",n02_block14.csv
1393283781,битое стекло и осколки,"Two clear glass fragments floating on black vertical, ideal for minimal covers, story frames and title cards",n03_block15.csv
1393284135,битое стекло и осколки,"Glass burst with radiating blades on deep black, perfect for security ads, thriller covers and title graphics",n03_block15.csv
1393284783,битое стекло и осколки,"Ring of glass shards around a dark center hole, ideal for album covers, security art and dark banners",n03_block15.csv
1393285080,битое стекло и осколки,"Wet black glass debris scattered on a dark banner, perfect for crime scenes, security ads and moody headers",n03_block15.csv
1393285114,природа и пейзаж,"Flat icon set with sailboats palms and islands, ideal for travel apps, resort branding and summer campaigns",n03_block15.csv
1393286461,природа и пейзаж,"Seamless beach pattern with parasols boats and palms, perfect for summer packaging, kids textiles and wrap",n03_block15.csv
1393292890,текстуры и фоны,"Wet black coal rocks piled under low light banner, ideal for mining ads, energy reports and dark backdrops",n03_block15.csv
1393293038,текстуры и фоны,"Angular black crystal shards filling a wide banner, perfect for tech backdrops, gothic covers and game terrain",n03_block15.csv
1393293193,камни и минералы,"Single dark crystal blade lit on black vertical, ideal for occult covers, jewelry art and moody stories",n03_block15.csv
1393293524,текстуры и фоны,"Black stone chips scattered on a dark wide banner, perfect for industrial headers, mining ads and backdrops",n03_block15.csv
1393294402,битое стекло и осколки,"Cracked blue glass with a bright light burst behind, ideal for tech covers, security ads and film titles",n03_block15.csv
1393300340,лёд и охлаждение,"Icy crystal star exploding with shards on dark blue, perfect for winter promos, holiday art and game effects",n03_block15.csv
1393300633,лёд и охлаждение,"Ice burst rising from a dark reflective floor banner, ideal for chilled drink ads, cooling promos and headers",n03_block15.csv
1393302925,прочее,"Red folding hand fan opened on a beige backdrop, perfect for asian branding, flamenco posters and decor shops",n03_block15.csv
1393305655,заготовки: рамки и бирки,"Blank stitched label tag on kraft paper close up, ideal for handmade branding, price tags and craft mockups",n03_block15.csv
1393307790,текстуры и фоны,"Ornate stitched frame label on woven texture, perfect for craft branding, menu headers and vintage labels",n03_block15.csv
1393307822,заготовки: рамки и бирки,"Long blank hand drawn tag with rope on white, ideal for price labels, sale banners and craft mockups",n03_block15.csv
1393310682,битое стекло и осколки,"Cracked drinking glass glowing on a dark surface, perfect for insurance ads, bar visuals and fragility themes",n03_block15.csv
1393311958,прочее,"Rows of orange colored pencils fanned in close up, ideal for art supply ads, school promos and craft banners",n03_block15.csv
1393312213,цветы и ботаника,"Illustrated orange gerbera flower with green leaves, perfect for garden branding, botanical prints and cards",n03_block15.csv
1393312984,цветы и ботаника,"Detailed protea flower illustration with wet petals, ideal for botanical prints, florist branding and cards",n03_block15.csv
1393319737,текстуры и фоны,"Molten gold texture with liquid ripples vertical, perfect for luxury packaging, covers and phone wallpapers",n03_block15.csv
1393320362,текстуры и фоны,"Gold foil triangles falling over a teal gradient, ideal for party invites, luxury banners and event headers",n03_block15.csv
1393321415,заготовки: рамки и бирки,"Illustrated open notebook with pencil on a desk, perfect for planner mockups, study blogs and journal covers",n03_block15.csv
1393321735,интерьер и мебель,"Open blank book with ribbon bookmark on grey, ideal for book mockups, publishing covers and library visuals",n03_block15.csv
1393321831,заготовки: рамки и бирки,"Open spiral notebook with pencils on a desk illustration, perfect for planner covers, study art and stationery",n03_block15.csv
1393323107,битое стекло и осколки,"Glass explosion with icy shards on dark teal banner, ideal for cooling ads, game effects and dark headers",n03_block15.csv
1393323657,кибербезопасность и угрозы,"Glowing blue microbe burst on a dark bokeh banner, perfect for medical articles, virus news and lab branding",n03_block15.csv
1393323907,битое стекло и осколки,"Icy blue glass shatter around a dark hole center, ideal for winter effects, game art and thriller covers",n03_block15.csv
1393324035,лёд и охлаждение,"Turquoise ice crystals bursting on a wet dark banner, perfect for drink promos, cooling ads and cold branding",n03_block15.csv
1393325199,битое стекло и осколки,"Cracked glass web glowing on a teal dark background, ideal for tech covers, security ads and film titles",n03_block15.csv
1393325242,битое стекло и осколки,"Bullet hole in glass with blue backlight vertical, perfect for crime covers, story frames and thriller art",n03_block15.csv
1393325648,битое стекло и осколки,"Falling glass shards on a black vertical background, ideal for story frames, posters and security graphics",n03_block15.csv
1393325701,лёд и охлаждение,"Ice chunks glowing on a wet reflective dark banner, perfect for cocktail menus, bar ads and cooling promos",n03_block15.csv
1393326033,интерьер и мебель,"Round wooden table with tripod legs on beige wall, ideal for furniture catalogs, interior blogs and decor shops",n03_block15.csv
1393326283,интерьер и мебель,"Round wooden tabletop with a thick pedestal base, perfect for furniture ads, product staging and interiors",n03_block15.csv
1393326635,интерьер и мебель,"Wide wooden table with radial grain on warm floor, ideal for furniture catalogs, decor shops and interior ads",n03_block15.csv
1393327212,интерьер и мебель,"Round wooden table with a cross base on white, perfect for furniture mockups, product scenes and catalogs",n03_block15.csv
1393327263,интерьер и мебель,"Small round wooden pedestal table on plain white, ideal for product display, decor ads and furniture shops",n03_block15.csv
1393327627,интерьер и мебель,"Sculptural wooden stool with angled legs on beige, perfect for design catalogs, interior blogs and decor ads",n03_block15.csv
1393327755,интерьер и мебель,"Small round wooden stool on a warm beige banner, ideal for furniture ads, product staging and decor shops",n04_block16.csv
1393327909,интерьер и мебель,"Wooden stool with rounded square legs on white, perfect for furniture catalogs, mockups and interior blogs",n04_block16.csv
1393328001,интерьер и мебель,"Three legged wooden stool with a saddle seat, ideal for design catalogs, craft furniture and interior ads",n04_block16.csv
1393328274,еда и выпечка,"Wooden spoon on an ornate carved teal panel, perfect for kitchen branding, recipe blogs and menu headers",n04_block16.csv
1393328295,битое стекло и осколки,"Glowing cracked glass sphere on a teal bokeh banner, ideal for tech covers, security ads and dark headers",n04_block16.csv
1393328446,битое стекло и осколки,"Cracked ice pane with water drops on blue bokeh, perfect for winter ads, cooling promos and weather art",n04_block16.csv
1393328457,битое стекло и осколки,"Delicate cracked glass web glowing on black, ideal for minimal covers, security graphics and title cards",n04_block16.csv
1393328834,природа и пейзаж,"Fuel nozzle in a car tank in black and white, perfect for fuel price stories, auto blogs and energy reports",n04_block16.csv
1393328921,природа и пейзаж,"Green fuel nozzle refuelling a colorful painted car, ideal for auto blogs, fuel promos and city transport ads",n04_block16.csv
1393329110,природа и пейзаж,"Green petrol nozzle in a white car fuel tank, perfect for fuel price news, auto services and energy features",n04_block16.csv
1393329347,природа и пейзаж,"Hand holding a fuel nozzle at a petrol station, ideal for fuel price articles, auto ads and energy stories",n04_block16.csv
1393329361,битое стекло и осколки,"Radial glass shard burst filling the black frame, perfect for action posters, gaming art and title graphics",n04_block16.csv
1393329553,битое стекло и осколки,"Glass shards exploding upward from a wet surface, ideal for drink ads, action posters and dynamic banners",n04_block16.csv
1393329566,битое стекло и осколки,"Turquoise glass spray bursting across a dark banner, perfect for cooling ads, energy visuals and headers",n04_block16.csv
1393329573,битое стекло и осколки,"Icy glass shards bursting with droplets on black, ideal for chilled drink ads, winter effects and covers",n04_block16.csv
1393330055,битое стекло и осколки,"Rainbow glass shards exploding on a white background, perfect for recycling ads, art posters and covers",n04_block16.csv
1393330221,лёд и охлаждение,"Watercolor ice crystal burst in blue on white paper, ideal for winter cards, kids books and cool branding",n04_block16.csv
1393330263,цветы и ботаника,"White vase with thin green branches on wide banner, perfect for interior mockups, decor shops and headers",n04_block16.csv
1393330336,цветы и ботаника,"White ceramic vase with green sprigs on light wall, ideal for interior blogs, decor ads and product scenes",n04_block16.csv
1393330383,цветы и ботаника,"Small round vase with a green sprig on wide banner, perfect for interior headers, decor promos and mockups",n04_block16.csv
1393330423,цветы и ботаника,"White vase with fern leaves on a pale wide banner, ideal for spa branding, decor shops and blog headers",n04_block16.csv
1393330450,цветы и ботаника,"White vase with delicate blossoms on light banner, perfect for wedding stationery, decor ads and headers",n04_block16.csv
1393330500,текстуры и фоны,"Flowing red silk fabric folds in a wide banner, ideal for luxury branding, valentine promos and event headers",n04_block16.csv
1393330555,текстуры и фоны,"Rich red satin waves filling a wide banner, perfect for holiday promos, luxury covers and sale headers",n04_block16.csv
1393330923,текстуры и фоны,"Wet black coal chunks scattered on a dark banner, ideal for mining ads, energy reports and industrial headers",n04_block16.csv
1393330971,текстуры и фоны,"Deep red marbled silk texture in vertical crop, perfect for luxury packaging, covers and phone wallpapers",n04_block16.csv
1393331159,цветы и ботаника,"Black succulent rosette with sharp pointed leaves, ideal for gothic decor, plant shops and dark botanicals",n04_block16.csv
1393331652,текстуры и фоны,"Black crystal chips piled in a vertical dark crop, perfect for mobile wallpapers, gothic art and backdrops",n04_block16.csv
1393331653,текстуры и фоны,"Glossy black polygon shards packed across a banner, ideal for tech backdrops, game terrain and dark headers",n04_block16.csv
1393331876,текстуры и фоны,"Wet black stone fragments on a dark vertical banner, perfect for industrial art, mining posts and backdrops",n04_block16.csv
1393332123,колоннады и залы,"Aged parchment sheet with burnt edges on white, ideal for certificates, fantasy maps and vintage layouts",n04_block16.csv
1393332603,колоннады и залы,"Torn antique parchment square with rough edges, perfect for treasure maps, menus and historical documents",n04_block16.csv
1393332758,колоннады и залы,"Weathered paper banner with stained aged texture, ideal for vintage headers, menus and historical layouts",n04_block16.csv
1393332935,колоннады и залы,"Aged paper with a fine engraved border frame, perfect for certificates, diplomas and vintage invitations",n04_block16.csv
1393333274,колоннады и залы,"Old cream paper banner with a thin ornate border, ideal for menus, certificates and vintage brand headers",n04_block16.csv
1393333697,текстуры и фоны,"Grungy orange metal panel with rust in vertical crop, perfect for industrial posters, covers and backdrops",n04_block16.csv
1393333939,интерьер и мебель,"Bright yellow studio wall with a bare floor, ideal for product staging, fashion mockups and shop headers",n04_block16.csv
1393334110,заготовки: рамки и бирки,"Cream banner framed by an ornate red baroque border, perfect for menus, invitations and vintage certificates",n04_block16.csv
1393334118,текстуры и фоны,"Golden embossed scroll pattern on a vertical panel, ideal for luxury packaging, invitations and brand covers",n04_block16.csv
1393334376,лёд и охлаждение,"Single ice cube with water drops on blue backdrop, perfect for drink ads, cooling promos and summer campaigns",n04_block16.csv
1393334600,лёд и охлаждение,"Frosted ice cube with meltwater drops on dark blue, ideal for whisky ads, bar menus and cooling promos",n05_block17.csv
1393334650,лёд и охлаждение,"Clear ice cube on a white studio background, perfect for packaging mockups, drink labels and product shots",n05_block17.csv
1393334732,лёд и охлаждение,"Two ice cubes on a wet blue surface wide banner, ideal for soft drink ads, summer promos and bar headers",n05_block17.csv
1393335072,лёд и охлаждение,"Ice cube with bubbles glowing on dark reflective floor, perfect for cocktail menus, spirits ads and bar art",n05_block17.csv
1393335078,лёд и охлаждение,"Textured ice cube with frost crystals on dark blue, ideal for frozen food packaging, cooling ads and menus",n05_block17.csv
1393335218,лёд и охлаждение,"Ice cube melting into water drops on a blue bokeh, perfect for hydration ads, summer promos and drink labels",n05_block17.csv
1393335241,лёд и охлаждение,"Ice cube on a wet surface under cool blue light, ideal for beverage packaging, bar menus and cooling promos",n05_block17.csv
1393335378,лёд и охлаждение,"Ice cube among crushed ice on a wide blue banner, perfect for cocktail ads, summer campaigns and bar headers",n05_block17.csv
1393335548,лёд и охлаждение,"Single ice cube on a glittering wet blue banner, ideal for drink promos, cooling ads and summer headers",n05_block17.csv
1393335749,лёд и охлаждение,"Deep blue ice block with internal cracks on white, perfect for frozen product ads, cooling and winter branding",n05_block17.csv
1393335804,лёд и охлаждение,"Glowing blue ice cube on a bright cyan background, ideal for energy drink ads, gaming art and cooling promos",n05_block17.csv
1393335959,лёд и охлаждение,"Blue ice block in a frosty landscape wide banner, perfect for winter campaigns, arctic themes and cooling ads",n05_block17.csv
1393335966,лёд и охлаждение,"Glowing blue ice cube standing on a dark surface, ideal for energy branding, club flyers and gaming visuals",n05_block17.csv
1393336315,лёд и охлаждение,"Backlit blue ice cube with cracks on dark blue, perfect for spirits ads, cooling promos and winter branding",n05_block17.csv
1393336418,лёд и охлаждение,"Ice cubes scattered on a dark blue wide banner, ideal for beverage ads, bar menus and summer campaigns",n05_block17.csv
1393336525,лёд и охлаждение,"Ice cube on a sparkling wet blue reflective floor, perfect for cocktail promos, spirits ads and bar headers",n05_block17.csv
1393336585,лёд и охлаждение,"Ice cube resting on fresh snow under soft blue light, ideal for winter ads, frozen food and holiday promos",n05_block17.csv
1393337417,текстуры и фоны,"Golden silk waves with fine glitter on a wide banner, perfect for luxury branding, invitations and headers",n05_block17.csv
1393337607,интерьер и мебель,"White textured plaster wall in a wide banner crop, ideal for product staging, minimal mockups and headers",n05_block17.csv
1393337755,интерьер и мебель,"Seamless beige stone tile pattern with grout lines, perfect for interior visuals, tile shops and 3d textures",n05_block17.csv
1393338169,интерьер и мебель,"Dark table against a bright empty wall in an interior, ideal for gallery mockups, minimal decor and staging",n05_block17.csv
1393338382,интерьер и мебель,"Carved wooden table with folk art painting on top, perfect for craft branding, ethnic decor and artisan shops",n05_block17.csv
1393338733,лёд и охлаждение,"Blue ice cubes falling in a dark vertical banner, ideal for drink stories, cooling ads and phone wallpapers",n05_block17.csv
1393338745,лёд и охлаждение,"Stacked glowing blue ice blocks on a dark backdrop, perfect for energy drinks, cooling promos and gaming art",n05_block17.csv
1393338760,лёд и охлаждение,"Row of glowing blue ice chunks on a dark banner, ideal for cocktail menus, bar ads and cooling campaigns",n05_block17.csv
1393338797,лёд и охлаждение,"Blue ice cubes with water drops on a dark surface, perfect for beverage ads, summer promos and bar headers",n05_block17.csv
1393338825,лёд и охлаждение,"Blue ice cubes tumbling with bubbles on dark blue, ideal for soft drink ads, cooling promos and menus",n05_block17.csv
1393338838,колоннады и залы,"Burnt edge parchment sheet on black background, perfect for fantasy maps, certificates and vintage layouts",n05_block17.csv
1393338844,колоннады и залы,"Aged paper banner with charred edges on black, ideal for vintage headers, menus and historical documents",n05_block17.csv
1393338969,текстуры и фоны,"Vintage lined notepaper sheet with warm tint, perfect for journal mockups, letter templates and scrapbooks",n05_block17.csv
1393339234,заготовки: рамки и бирки,"Blank yellow sticky note on a kraft background, ideal for reminder graphics, office mockups and to do lists",n05_block17.csv
1393339322,медицина и уход,"Yellow and pink sticky notes pinned on a green board, perfect for planning boards, kanban art and office visuals",n05_block17.csv
1393339324,заготовки: рамки и бирки,"Yellow sticky note hanging on a string on beige, ideal for reminder posts, memo mockups and office headers",n05_block17.csv
1393339366,заготовки: рамки и бирки,"Yellow sticky note on a wooden desk in warm light, perfect for office mockups, reminders and workspace art",n05_block17.csv
1393339479,заготовки: рамки и бирки,"Torn lined notebook page on a dark background, ideal for scrapbook art, journal mockups and note templates",n05_block17.csv
1393339618,колоннады и залы,"Aged parchment banner with torn edges on white, perfect for certificates, menus and vintage brand headers",n05_block17.csv
1393339676,колоннады и залы,"Golden parchment scroll spread on a wooden table, ideal for fantasy maps, treasure themes and game art",n05_block17.csv
1393339794,колоннады и залы,"Narrow aged parchment banner with burnt edges, perfect for vintage headers, menus and historical layouts",n05_block17.csv
1393339809,колоннады и залы,"Tall aged parchment sheet with rough torn edges, ideal for fantasy scrolls, certificates and vintage posters",n05_block17.csv
1393339883,битое стекло и осколки,"Glassy microbe burst with droplets on dark teal, perfect for medical news, virus articles and lab branding",n05_block17.csv
1393339891,битое стекло и осколки,"Icy glass shards bursting on a black background, ideal for winter effects, game art and title graphics",n06_block18.csv
1393339911,лёд и охлаждение,"Small ice fragments scattered on deep black, perfect for minimal covers, cooling ads and dark banners",n06_block18.csv
1393339964,колоннады и залы,"Aged parchment banner with burnt frame on black, ideal for fantasy maps, certificates and vintage headers",n06_block18.csv
1393339974,лёд и охлаждение,"Crushed ice line glowing on a dark wide banner, perfect for cocktail menus, bar branding and cooling ads",n06_block18.csv
1393340000,новый год и рождество,"Red christmas bauble on a wet red textured wall, ideal for holiday sales, greeting cards and festive banners",n06_block18.csv
1393340034,новый год и рождество,"Red glitter gradient banner with sparkling texture, perfect for holiday sales, party invites and gift cards",n06_block18.csv
1393340073,новый год и рождество,"Red christmas bauble among paper snowflakes, ideal for holiday cards, seasonal ads and gift wrap design",n06_block18.csv
1393340076,новый год и рождество,"Red patterned christmas banner with copy space, perfect for holiday promos, sale headers and greeting cards",n06_block18.csv
1393340117,битое стекло и осколки,"Red glass bauble hanging on a bright red backdrop, ideal for christmas sales, gift promos and holiday cards",n06_block18.csv
1393340124,новый год и рождество,"Silver baubles on snow with pine and warm bokeh, perfect for christmas cards, winter ads and gift banners",n06_block18.csv
1393340146,новый год и рождество,"Ornate silver bauble hanging from a pine branch, ideal for christmas cards, luxury holiday ads and decor",n06_block18.csv
1393340148,лёд и охлаждение,"Silver bauble with candle and red berries on ice, perfect for christmas cards, cozy holiday ads and menus",n06_block18.csv
1393340165,новый год и рождество,"Golden star glowing on a dark bokeh wide banner, ideal for christmas headers, award promos and event art",n06_block18.csv
1393340201,новый год и рождество,"Bright golden star on a warm bokeh holiday banner, perfect for christmas sales, gift cards and event headers",n06_block18.csv
1393340227,лёд и охлаждение,"Frosted bauble on snow with warm bokeh lights, ideal for christmas cards, winter promos and gift banners",n06_block18.csv
1393340228,лёд и охлаждение,"Silver baubles with frosted pine on snowy bokeh, perfect for christmas banners, winter ads and greeting cards",n06_block18.csv
1393340244,новый год и рождество,"Golden stars glowing above a wet reflective floor, ideal for new year promos, event posters and holiday art",n06_block18.csv
1393340266,новый год и рождество,"Two candy canes forming a heart on white banner, perfect for christmas cards, sweet shops and holiday promos",n06_block18.csv
1393340288,новый год и рождество,"Glowing golden star lamp standing on a warm floor, ideal for christmas decor ads, home shops and holiday art",n06_block18.csv
1393340306,новый год и рождество,"Candy canes forming a heart on a soft pink backdrop, perfect for valentine promos, sweet shops and cards",n06_block18.csv
1393340334,новый год и рождество,"Candy cane heart on a wide pale pink banner, ideal for holiday sales, sweet shop headers and greeting cards",n06_block18.csv
1393340376,новый год и рождество,"Candy cane heart on a weathered metal surface, perfect for rustic christmas cards, cafe menus and promos",n06_block18.csv
1393340424,новый год и рождество,"Candy cane heart with red gel drops on grey, ideal for valentine promos, dessert menus and sweet branding",n06_block18.csv
1393340605,люди и сцены,"Three women working together at a laptop in an office, perfect for teamwork ads, hr pages and diversity visuals",n06_block18.csv
1393340737,новый год и рождество,"Red santa sack full of wrapped gifts on grey, ideal for christmas sales, delivery promos and gift shop ads",n06_block18.csv
1393340744,новый год и рождество,"Santa sack overflowing with gifts on a teal banner, perfect for christmas promos, sale headers and gift ads",n06_block18.csv
1393340807,новый год и рождество,"Red gift sack with presents on a coral background, ideal for holiday sales, gift shops and christmas banners",n06_block18.csv
1393340809,новый год и рождество,"Gift sack filled with presents on a purple backdrop, perfect for christmas promos, delivery ads and gift cards",n06_block18.csv
1393340852,новый год и рождество,"Red gift bag with presents on a plain red banner, ideal for holiday sale headers, promos and gift shop ads",n06_block18.csv
1393340903,заготовки: рамки и бирки,"Blank canvas tote bag hanging on white background, perfect for merch mockups, eco branding and print on demand",n06_block18.csv
1393340985,заготовки: рамки и бирки,"Plain cotton tote bag standing on a light backdrop, ideal for merch design, eco shops and packaging mockups",n06_block18.csv
1393341031,заготовки: рамки и бирки,"Two tote bags on a confetti speckled wide banner, perfect for merch shops, event swag and branding mockups",n06_block18.csv
1393341055,природа и пейзаж,"Tote bag printed with a mythic face illustration, ideal for merch design, art prints and streetwear branding",n06_block18.csv
1393341089,заготовки: рамки и бирки,"Blank cotton tote bag on a neutral grey backdrop, perfect for print mockups, eco branding and shop listings",n06_block18.csv
1393341207,текстуры и фоны,"Golden trophy cup glowing on a dark bokeh backdrop, ideal for award pages, contest promos and sport ads",n06_block18.csv
1393341208,текстуры и фоны,"Small gold trophy on a warm dark table surface, perfect for award nights, contest results and business ads",n06_block18.csv
1393341231,спорт,"Silver trophy cup with droplets on a dark backdrop, ideal for sport awards, tournament promos and contests",n06_block18.csv
1393341340,текстуры и фоны,"Golden trophy on a vivid blue and red splash wall, perfect for esports posters, contest art and sport promos",n06_block18.csv
1393341360,спорт,"Silver trophy cup on a patterned dark background, ideal for award ceremonies, contest pages and sport ads",n06_block18.csv
1393341363,спорт,"Trophy cup lit by pink and blue neon on dark floor, perfect for esports awards, club events and gaming art",n06_block18.csv
1393341370,спорт,"Silver trophy cup on a pink and purple gradient, ideal for contest results, award posts and event promos",n07_block19.csv
1393341381,технологии и данные,"Neon speech bubble glowing in pastel clouds banner, perfect for chat apps, community posts and support pages",n07_block19.csv
1393341422,символы и иконки,"Two toned face silhouette shaped as a speech bubble, ideal for psychology blogs, dialogue and mental health",n07_block19.csv
1393341439,символы и иконки,"Three colorful speech bubbles on a painted banner, perfect for community pages, forums and chat branding",n07_block19.csv
1393341522,текстуры и фоны,"Glossy orange speech bubble on a textured red wall, ideal for support pages, chat branding and blog headers",n07_block19.csv
1393341709,мешки денег и монеты,"Iridescent money bag among scattered coins, perfect for lottery promos, crypto posts and fintech banners",n07_block19.csv
1393341764,мешки денег и монеты,"Glowing pink money sack with a dollar sign on dark, ideal for casino promos, crypto art and fintech visuals",n07_block19.csv
1393341898,мешки денег и монеты,"Canvas money sack with dollar sign on scattered coins, perfect for loan ads, savings promos and finance blogs",n07_block19.csv
1393342102,космос и частицы,"Earth globe with airplanes flying over clouds banner, ideal for travel agencies, logistics ads and tour promos",n07_block19.csv
1393342150,цветы и ботаника,"Illustrated earth globe framed by flowers and stars, perfect for earth day posters, eco cards and kids books",n07_block19.csv
1393342253,прочее,"Watercolor world map in bright rainbow colors, ideal for travel decor, classroom prints and wall art",n07_block19.csv
1393342336,космос и частицы,"Watercolor earth globe on a white vertical card, perfect for eco branding, earth day cards and school art",n07_block19.csv
1393342344,космос и частицы,"Hand painted earth globe with detailed continents, ideal for earth day posters, geography lessons and prints",n07_block19.csv
1393342443,битое стекло и осколки,"Fine glass burst radiating on a deep black field, perfect for minimal covers, title cards and dark banners",n07_block19.csv
1393342708,символы и иконки,"Yellow map pin standing on a wet dark surface, ideal for delivery apps, travel ads and location branding",n07_block19.csv
1393342713,символы и иконки,"Glossy yellow location pin on a cream background, perfect for map apps, delivery ads and contact pages",n07_block19.csv
1393342814,технологии и данные,"Cartoon location pin floating in a blue cloudy sky, ideal for travel apps, kids maps and delivery branding",n07_block19.csv
1393342831,текстуры и фоны,"Black graduation cap with gold tassel on dark grey, perfect for university promos, diplomas and edu ads",n07_block19.csv
1393342951,образование,"Ornate graduation cap on a cream vintage backdrop, ideal for diploma design, alumni cards and edu branding",n07_block19.csv
1393342975,битое стекло и осколки,"Stained glass window with red flowers in an arch, perfect for church sites, heritage tours and wall prints",n07_block19.csv
1393343005,образование,"Folk painted graduation cap with red tassel, ideal for school events, ethnic edu branding and greeting cards",n07_block19.csv
1393343094,текстуры и фоны,"Glitter graduation cap with gold tassel on dark blue, perfect for graduation invites, alumni ads and posters",n07_block19.csv
1393343118,текстуры и фоны,"Golden map pin on a glowing route network banner, ideal for logistics ads, delivery tracking and it decks",n07_block19.csv
1393343148,технологии и данные,"Glowing node connected by light routes on dark blue, perfect for network ads, logistics decks and it branding",n07_block19.csv
1393343368,текстуры и фоны,"Golden pin on a glowing map with route lines, ideal for delivery tracking, logistics ads and travel apps",n07_block19.csv
1393343370,текстуры и фоны,"Golden map pin standing on coins in a dark studio, perfect for real estate ads, investment and location value",n07_block19.csv
1393343409,символы и иконки,"Glowing pin dropped on a vintage paper map, ideal for travel blogs, tourism ads and journey planning",n07_block19.csv
1393343468,текстуры и фоны,"Red location pin on a cracked beige wall banner, perfect for address pages, travel ads and contact headers",n07_block19.csv
1393343617,символы и иконки,"Glossy red map pin standing on a grey backdrop, ideal for contact pages, delivery apps and map branding",n07_block19.csv
1393343642,прочее,"Glossy red heart standing on a soft grey surface, perfect for valentine promos, charity ads and dating apps",n07_block19.csv
1393343768,битое стекло и осколки,"Glass flower shaped shard burst on black background, ideal for title cards, dark banners and album covers",n07_block19.csv
1393343793,битое стекло и осколки,"Broken glass pinwheel shape floating on black, perfect for minimal covers, security art and title graphics",n07_block19.csv
1393343905,битое стекло и осколки,"Glass beads and drops glowing on a dark banner, ideal for jewelry ads, cosmetics promos and luxury headers",n07_block19.csv
1393343953,битое стекло и осколки,"Glass shards and droplets scattered on dark grey, perfect for cosmetics ads, security art and dark banners",n07_block19.csv
1393343997,битое стекло и осколки,"Line of glass fragments glowing on a dark banner, ideal for cooling ads, dark headers and title graphics",n07_block19.csv
1393344009,битое стекло и осколки,"Cracked glass with bright light bursting through, perfect for thriller covers, security ads and film titles",n07_block19.csv
1393344044,битое стекло и осколки,"Glass shards with water drops on a dark surface, ideal for crime scenes, security ads and moody banners",n07_block19.csv
1393344220,битое стекло и осколки,"Glass tumbler cracking with splash on dark backdrop, perfect for insurance ads, bar visuals and fragility art",n07_block19.csv
1393344224,битое стекло и осколки,"Champagne flute shattering with coins on dark floor, ideal for celebration ads, bar promos and party posters",n07_block19.csv
1393344267,битое стекло и осколки,"Cracked wine glass glowing on a dark reflective floor, perfect for bar branding, drama posters and menus",n07_block19.csv
1393344289,битое стекло и осколки,"Cracked wine glass standing alone on black, ideal for drama posters, bar branding and fragility concepts",n08_block20.csv
1393344353,битое стекло и осколки,"Shattering glass bowl frozen mid break on dark, perfect for insurance ads, kitchen safety and drama art",n08_block20.csv
1393344426,цветы и ботаника,"Painted hibiscus flowers on a cracked plaster wall, ideal for botanical prints, spa decor and wall art",n08_block20.csv
1393344467,битое стекло и осколки,"Radial glass burst around a dark core on blue banner, perfect for tech covers, security ads and headers",n08_block20.csv
1393344515,битое стекло и осколки,"Woman screaming behind cracked glass in blue light, ideal for thriller posters, trauma articles and drama art",n08_block20.csv
1393344693,битое стекло и осколки,"Glowing crack web on a dark blue glass banner, perfect for tech intros, security ads and film titles",n08_block20.csv
1393344705,битое стекло и осколки,"Glass fragments with water drops on a dark banner, ideal for crime scenes, security art and moody headers",n08_block20.csv
1393344803,битое стекло и осколки,"Glass needle burst around a black hole center, perfect for album covers, title cards and dark banners",n08_block20.csv
1393344873,битое стекло и осколки,"Cracked glass rosette on a dark grey background, ideal for security graphics, thriller art and covers",n08_block20.csv
1393344952,текстуры и фоны,"Blue textured banner with rough painted edges, perfect for brand headers, poster layouts and copy space",n08_block20.csv
1393345003,текстуры и фоны,"Deep blue plaster banner with a weathered border, ideal for menu headers, posters and vintage layouts",n08_block20.csv
1393345029,цветы и ботаника,"Folk floral pattern in orange and pink on burgundy, perfect for textile prints, packaging and craft branding",n08_block20.csv
1393345047,текстуры и фоны,"Blue peeling paint texture on a wide stone banner, ideal for grunge headers, album covers and posters",n08_block20.csv
1393345129,текстуры и фоны,"Deep red weathered wall texture in vertical crop, perfect for poster backdrops, covers and phone wallpapers",n08_block20.csv
1393345173,текстуры и фоны,"Red metal surface with fine water drops vertical, ideal for drink ads, grunge covers and moody backdrops",n08_block20.csv
1393358647,битое стекло и осколки,"Glass shard starburst radiating on deep black, perfect for title cards, album art and dark banners",n08_block20.csv
1393358658,битое стекло и осколки,"Water splashing out of a glass on dark blue, ideal for hydration ads, drink branding and summer promos",n08_block20.csv
1393358665,лёд и охлаждение,"Ice splash bursting on a monochrome wide banner, perfect for cooling ads, bar promos and dark headers",n08_block20.csv
1393358688,лёд и охлаждение,"Turquoise ice mound exploding with shards on black, ideal for energy drinks, gaming art and cooling ads",n08_block20.csv
1393358701,лёд и охлаждение,"Ice column bursting upward with droplets on dark, perfect for beverage ads, cooling promos and effects",n08_block20.csv
1393358997,лёд и охлаждение,"Icy sunburst with radiating spikes on dark blue, ideal for winter branding, cooling ads and title graphics",n08_block20.csv
1393359110,битое стекло и осколки,"Glass fragments drifting in a pale blue haze banner, perfect for winter headers, dreamy covers and posters",n08_block20.csv
1393359114,битое стекло и осколки,"Seamless dark glass shard texture with water drops, ideal for tech backdrops, game terrain and headers",n08_block20.csv
1393359115,битое стекло и осколки,"Cracked glass with a bright blue star flare behind, perfect for tech intros, film titles and game effects",n08_block20.csv
1393359168,битое стекло и осколки,"Dark rain of fine glass particles on black banner, ideal for matrix style intros, covers and dark headers",n08_block20.csv
1393359193,битое стекло и осколки,"Stained glass style blue mosaic panel vertical, perfect for church decor, wall prints and app backgrounds",n08_block20.csv
1393359451,лёд и охлаждение,"Crushed ice line on a dark reflective wide banner, ideal for cocktail menus, bar branding and cooling ads",n08_block20.csv
1393359455,битое стекло и осколки,"Glass tumbler shattering with ice on dark backdrop, perfect for insurance ads, bar visuals and drama art",n08_block20.csv
1393359469,битое стекло и осколки,"Glass burst frozen in mid air on a black field, ideal for action posters, title cards and dark banners",n08_block20.csv
1393359471,лёд и охлаждение,"Ice block bursting with shards on a dark banner, perfect for cooling promos, energy ads and effects",n08_block20.csv
1393359611,битое стекло и осколки,"Frosted beer glass with droplets in a dark room, ideal for pub menus, beer branding and bar promos",n08_block20.csv
1393359625,битое стекло и осколки,"Bullet hole in a window with cracks over greenery, perfect for crime news, security ads and thriller art",n08_block20.csv
1393359769,битое стекло и осколки,"Turquoise glass shard column rising on dark blue, ideal for game effects, tech covers and cooling art",n08_block20.csv
1393360104,лёд и охлаждение,"Ice crystal burst with droplets on a dark banner, perfect for drink promos, winter ads and cooling headers",n08_block20.csv
1393360282,битое стекло и осколки,"Glass needle ring around a dark center on black, ideal for album covers, title cards and dark graphics",n08_block20.csv
1393360457,битое стекло и осколки,"Teal glass pieces with water drops on dark surface, perfect for recycling ads, cosmetics and moody banners",n08_block20.csv
1393360558,битое стекло и осколки,"Glass fragments glowing with warm sparks on dark blue, ideal for magic effects, game art and event visuals",n08_block20.csv
1393360592,лёд и охлаждение,"Row of clear ice pebbles on a black wide banner, perfect for cooling ads, spa promos and drink headers",n08_block20.csv
1393360666,лёд и охлаждение,"Ice crystals scattered on a soft blue banner, ideal for winter promos, cooling ads and holiday headers",n08_block20.csv
1393360709,камни и минералы,"Cluster of clear quartz crystals on a dark surface, perfect for mystic branding, spa promos and gem shops",n08_block20.csv
1393360746,битое стекло и осколки,"Fine glass dust settling on a dark reflective floor, ideal for minimal covers and dark title graphics",n09_block21.csv
1393360754,битое стекло и осколки,"Champagne flute shattering above a dark surface, perfect for party posters, bar ads and celebration art",n09_block21.csv
1393360914,битое стекло и осколки,"Teal glass shards radiating on a dark surface close up, ideal for security ads, album art and dark banners",n09_block21.csv
1393360958,битое стекло и осколки,"Broken teal glass pieces spread on a dark surface, perfect for recycling ads, texture backdrops and covers",n09_block21.csv
1393360979,битое стекло и осколки,"Church interior with tall stained glass windows lit, ideal for parish sites, heritage tours and wedding venues",n09_block21.csv
1393361154,кибербезопасность и угрозы,"Monitor showing a warning triangle in a dark room, perfect for cybersecurity ads, it support and alert pages",n09_block21.csv
1393361260,технологии и данные,"Split face portrait with circuit patterns in pop art, ideal for ai articles, tech covers and digital identity",n09_block21.csv
1393361314,кибербезопасность и угрозы,"Glowing padlock on a digital circuit network floor, perfect for cybersecurity ads, vpn promos and it decks",n09_block21.csv
1393361458,кибербезопасность и угрозы,"Dripping skull and crossbones on a dark red backdrop, ideal for malware articles, horror posters and games",n09_block21.csv
1393361493,кибербезопасность и угрозы,"Cartoon skull and bones bursting from a laptop, perfect for malware articles, cybercrime blogs and it security",n09_block21.csv
1393361504,кибербезопасность и угрозы,"Red skull and crossbones on a dark textured wall, ideal for danger warnings, horror art and game posters",n09_block21.csv
1393361514,кибербезопасность и угрозы,"Golden skull and crossbones on a red and blue mural, perfect for street art posters, game art and covers",n09_block21.csv
1393361818,кибербезопасность и угрозы,"Laptop showing a warning sign surrounded by viruses, ideal for antivirus ads, it security and malware articles",n09_block21.csv
1393362390,кибербезопасность и угрозы,"Smartphone with a glowing security shield hologram, perfect for mobile security apps, vpn ads and fintech",n09_block21.csv
1393362655,кибербезопасность и угрозы,"Watercolor phone showing a locked email envelope, ideal for email security, phishing articles and app promos",n09_block21.csv
1393363156,кибербезопасность и угрозы,"Hooded hacker with red eyes typing at a desk, perfect for cybercrime articles, fraud alerts and thriller art",n09_block21.csv
1393363798,колоннады и залы,"Seamless pattern of colorful virus cells on dark, ideal for medical packaging, lab branding and science prints",n09_block21.csv
1393363828,кибербезопасность и угрозы,"Blue virus cells floating over a circuit background, perfect for cyber virus articles, antivirus and biotech",n09_block21.csv
1393363911,медицина и уход,"Red virus cells on a teal leafy banner background, ideal for epidemic news, health articles and lab pages",n09_block21.csv
1393364723,кибербезопасность и угрозы,"Red warning triangle glowing over a circuit board, perfect for it alerts, breach reports and security ads",n09_block21.csv
1393364730,прочее,"Line drawn diverse women with a warning sign, ideal for awareness campaigns, ngo materials and safety posters",n09_block21.csv
1393364761,кибербезопасность и угрозы,"Isometric rusted padlock with red alert markers, perfect for security audits, it risk decks and breach reports",n09_block21.csv
1393364858,кибербезопасность и угрозы,"Hooded hacker at two laptops in digital rain, ideal for cybercrime news, breach articles and thriller covers",n09_block21.csv
1393366413,текстуры и фоны,"Japanese style wave pattern in orange and teal banner, perfect for packaging, textile prints and headers",n09_block21.csv
1393366455,космос и частицы,"Red and blue cosmic nebula stretched across a banner, ideal for sci fi covers, music art and event visuals",n09_block21.csv
1393366486,текстуры и фоны,"Explosive paint strokes in red yellow and blue, perfect for art supply ads, festival posters and covers",n09_block21.csv
1393366521,текстуры и фоны,"Glowing particle wave over a dark red landscape, ideal for tech intros, music covers and event banners",n09_block21.csv
1393366556,прочее,"Abstract geometric collage in orange blue and grey, perfect for brand covers, presentation slides and prints",n09_block21.csv
1393366705,кибербезопасность и угрозы,"Hooded figure in sunglasses at a laptop in a room, ideal for cybercrime articles, fraud alerts and thrillers",n09_block21.csv
1393366731,прочее,"Young man in a hoodie working at a laptop at night, perfect for freelance blogs, study articles and it pages",n09_block21.csv
1393366785,кибербезопасность и угрозы,"Masked hooded figure at a laptop on red backdrop, ideal for cybercrime news, fraud warnings and thriller art",n09_block21.csv
1393367011,кибербезопасность и угрозы,"Cartoon laptop showing a red warning alert on desk, perfect for it support, error pages and antivirus ads",n09_block21.csv
1393367204,битое стекло и осколки,"Cracked glass web with droplets in close macro, ideal for security ads, weather art and moody backdrops",n09_block21.csv
1393367270,битое стекло и осколки,"Wet glass fragments on a dark vertical banner, perfect for story frames, recycling posts and moody art",n09_block21.csv
1393367355,битое стекло и осколки,"Glass needle burst with droplets in close macro, ideal for cooling ads, dark banners and title graphics",n09_block21.csv
1393367361,битое стекло и осколки,"Icy glass starburst with water drops on dark blue, perfect for winter promos, cooling ads and covers",n09_block21.csv
1393367401,битое стекло и осколки,"Wine glass shattering above crushed ice on black, ideal for bar branding, drama posters and drink art",n09_block21.csv
1393367446,битое стекло и осколки,"Glass fragments floating in a dark vertical frame, perfect for story backgrounds, posters and dark covers",n09_block21.csv
1393367543,кибербезопасность и угрозы,"Cartoon monitor with a warning sign and virus cells, ideal for antivirus ads, it support and malware articles",n09_block21.csv
1393367565,битое стекло и осколки,"Wine glass exploding into shards on a black floor, perfect for action posters, bar ads and drama visuals",n09_block21.csv
1393367629,кибербезопасность и угрозы,"Desktop computer with a warning sign among virus cells, ideal for antivirus ads, it support and malware blogs",n10_block22.csv
1393367631,кибербезопасность и угрозы,"Browser window with an alert surrounded by viruses, perfect for phishing articles, antivirus ads and it pages",n10_block22.csv
1393367745,кибербезопасность и угрозы,"Isometric desk with a warning screen and virus cells, ideal for it security decks, blogs and support pages",n10_block22.csv
1393367798,кибербезопасность и угрозы,"Purple lit desktop with alert sign and virus cells, perfect for antivirus promos, it blogs and error pages",n10_block22.csv
1393368017,кибербезопасность и угрозы,"Red warning triangle glowing in falling dark rain, ideal for incident alerts, breach reports and it dashboards",n10_block22.csv
1393368037,битое стекло и осколки,"Magnifying glass over a skull warning on a circuit, perfect for malware analysis, audits and security reports",n10_block22.csv
1393368281,кибербезопасность и угрозы,"Hooded hacker at a laptop with virus cells in neon, ideal for cybercrime news, malware articles and thrillers",n10_block22.csv
1393368395,текстуры и фоны,"Gold bitcoin coins piled on dollar banknotes, perfect for crypto exchanges, trading blogs and fintech ads",n10_block22.csv
1393368413,текстуры и фоны,"Gold coins scattered over colorful banknotes, ideal for currency exchange, forex blogs and finance banners",n10_block22.csv
1393368550,мешки денег и монеты,"Three money sacks with coin stacks on a green wall, perfect for loan ads, savings promos and finance blogs",n10_block22.csv
1393368620,мешки денег и монеты,"White money sack between tall stacks of gold coins, ideal for savings campaigns, banking ads and finance art",n10_block22.csv
1393368627,мешки денег и монеты,"Four money sacks with coin piles on a warm backdrop, perfect for loan promos, wealth blogs and bank ads",n10_block22.csv
1393368643,мешки денег и монеты,"Money sack surrounded by coin stacks in soft light, ideal for savings ads, pension promos and finance banners",n10_block22.csv
1393368644,мешки денег и монеты,"Money sacks scattered on a cracked dark plain, perfect for debt articles, crisis reports and finance editorial",n10_block22.csv
1393368654,битое стекло и осколки,"Money sacks and coins before a stained glass window, ideal for church funding, charity ads and heritage art",n10_block22.csv
1393368663,мешки денег и монеты,"Money sacks beside stacks of banknotes on beige, perfect for loan ads, banking promos and finance headers",n10_block22.csv
1393368717,мешки денег и монеты,"Illustrated family celebrating on a giant money bag, ideal for lottery promos, family finance and savings ads",n10_block22.csv
1393368958,мешки денег и монеты,"Cartoon people lifting a green money bag together, perfect for crowdfunding, teamwork ads and fintech blogs",n10_block22.csv
1393369103,мешки денег и монеты,"Money sack with plants growing among coin stacks, ideal for green investment, pension funds and eco banking",n10_block22.csv
1393369243,мешки денег и монеты,"Blue money sack on coins in a soft bokeh scene, perfect for fintech banners, savings apps and bank promos",n10_block22.csv
1393369262,мешки денег и монеты,"Cartoon money bag with coins and bills on teal, ideal for game rewards, savings apps and finance stickers",n10_block22.csv
1393369726,мешки денег и монеты,"Row of money sacks on a vintage banknote frame, perfect for retro finance art, casino posters and prints",n10_block22.csv
1393369771,мешки денег и монеты,"Three money sacks with gold coin stacks on grey, ideal for banking ads, savings promos and finance slides",n10_block22.csv
1393369809,мешки денег и монеты,"Money sacks with olive branches and coins on white, perfect for eco funds, ethical banking and finance cards",n10_block22.csv
1393369811,мешки денег и монеты,"Three money sacks on an orange and teal backdrop, ideal for finance banners, loan ads and fintech headers",n10_block22.csv
1393369831,мешки денег и монеты,"Pencil drawn money sacks with coins on white, perfect for finance illustrations, editorial art and infographics",n10_block22.csv
1393370232,мешки денег и монеты,"Money bag bursting with banknotes on dark teal, ideal for lottery promos, bonus ads and fintech visuals",n10_block22.csv
1393370344,мешки денег и монеты,"Painted money bag with coins and bills on blue, perfect for finance blogs, casino art and wealth posters",n10_block22.csv
1393370467,мешки денег и монеты,"Money sack with leaves and fruit among gold coins, ideal for harvest finance, eco funds and prosperity art",n10_block22.csv
1393345183,прочее,"Deep red gradient background with empty space, perfect for sale banners, product promos and event poster backdrops",p13_block1.csv
1393345219,битое стекло и осколки,"Water bursting from a clear glass on black background, ideal for beverage ads, hydration campaigns and bar menus",p13_block1.csv
1393345232,прочее,"Orange starburst explosion with flying shards, perfect for game ui art, energy branding and event key visuals",p13_block1.csv
1393345317,битое стекло и осколки,"Empty glass shattering into fragments on black, ideal for insurance ads, fragility concepts and breakage warnings",p13_block1.csv
1393345318,битое стекло и осколки,"Bullet hole cracks spreading across dark glass, perfect for crime thriller covers, security ads and news graphics",p13_block1.csv
1393345330,битое стекло и осколки,"Cracked glass starburst glowing on black surface, ideal for security branding, tech covers and film title cards",p13_block1.csv
1393345347,битое стекло и осколки,"Minimal glass crack star on deep black background, perfect for tech presentations, error screens and app graphics",p13_block1.csv
1393345364,битое стекло и осколки,"Sharp glass shards radiating from impact point, ideal for action posters, gaming art and security campaigns",p13_block1.csv
1393345372,битое стекло и осколки,"Circular hole in shattered glass with radiating shards, perfect for crime covers, security ads and thriller art",p13_block1.csv
1393345808,заготовки: рамки и бирки,"Yellow polo shirt on cream banner with copy space, ideal for apparel mockups, uniform catalogs and print on demand",p13_block1.csv
1393345815,прочее,"Yellow polo shirt in decorative folk frame, perfect for merch storefronts, apparel packaging and craft branding",p13_block1.csv
1393345822,прочее,"Hand holding red heart in woodcut style on teal, ideal for charity posters, blood donation drives and health ads",p13_block1.csv
1393345869,заготовки: рамки и бирки,"Yellow polo shirt outline on plain yellow background, perfect for apparel mockups, size charts and merch listings",p13_block1.csv
1393345983,прочее,"Red alarm clock on orange banner with copy space, ideal for sale countdowns, deadline reminders and event promos",p13_block1.csv
1393345989,прочее,"Vintage alarm clock on warm orange backdrop, perfect for morning routine posts, time management and sale ads",p13_block1.csv
1393346019,прочее,"Orange alarm clock illustration on white background, ideal for productivity apps, planners and time tracking ui",p13_block1.csv
1393346089,прочее,"Red heart in open envelope on pink banner, perfect for valentine promos, newsletter headers and dating apps",p13_block1.csv
1393346093,прочее,"Small heart envelope on soft pink wide banner, ideal for wedding invites, email headers and valentine campaigns",p13_block1.csv
1393346132,прочее,"Red heart in white envelope on pink background, perfect for valentine cards, love letters and dating app art",p13_block1.csv
1393346222,текстуры и фоны,"Heart envelope on distressed pastel wall banner, ideal for vintage valentine ads, blog headers and love quotes",p13_block1.csv
1393346233,камни и минералы,"Silver metallic polygons floating on black background, perfect for tech branding, crypto visuals and app splash",p13_block1.csv
1393346237,прочее,"Envelope with hearts floating above on beige card, ideal for valentine posters, save the date and love notes",p13_block1.csv
1393346245,кибербезопасность и угрозы,"Black circuit blocks forming a dark tech surface, perfect for cybersecurity ads, server pages and ai branding",p13_block1.csv
1393346265,текстуры и фоны,"Painted heart envelope on rusty metal plate, ideal for street art posters, indie album covers and love zines",p13_block1.csv
1393346292,текстуры и фоны,"Glowing audio waveform stretched across black background, perfect for podcast covers, music apps and dj flyers",p13_block1.csv
1393346303,текстуры и фоны,"Dark curved 3d shapes forming a seamless wall pattern, ideal for luxury backdrops, tech decks and app skins",p13_block1.csv
1393346402,битое стекло и осколки,"Crystal fan of glass spikes rising on black, perfect for jewelry ads, luxury covers and fantasy game art",p13_block1.csv
1393346496,текстуры и фоны,"Golden lightning bolt in ornate metal frame emblem, ideal for esports logos, energy drinks and badge design",p13_block1.csv
1393346498,камни и минералы,"Brilliant cut diamond glowing on dark reflective floor, perfect for jewelry stores, luxury ads and gem catalogs",p13_block1.csv
1393346500,символы и иконки,"Neon lightning bolt glowing on purple gradient, ideal for gaming banners, energy branding and club flyers",p13_block1.csv
1393346584,камни и минералы,"Diamond resting on rocky ground under blue light, perfect for mining stories, gem shops and fantasy loot art",p13_block1.csv
1393346588,камни и минералы,"Diamond sparkling among warm bokeh lights, ideal for engagement ads, jewelry promos and holiday gift pages",p13_block1.csv
1393346618,камни и минералы,"Diamond on vivid red and blue gradient backdrop, perfect for jewelry sales, beauty branding and gem listings",p13_block1.csv
1393346621,символы и иконки,"Orange lightning bolt over blue and red splash art, ideal for sport posters, energy drinks and comic covers",p13_block1.csv
1393346670,прочее,"Orange check mark on colorful papercut relief, perfect for approval graphics, quiz apps and survey visuals",p13_block1.csv
1393346683,камни и минералы,"Pink lit diamond with mirror reflection on dark floor, ideal for jewelry ads, beauty promos and luxury covers",p13_block1.csv
1393346713,прочее,"Hand drawn check mark on warm yellow background, perfect for to do lists, school worksheets and habit trackers",p13_block1.csv
1393346756,прочее,"Red check mark inside blue circle button on lilac, ideal for app ui kits, onboarding screens and confirm states",p13_block1.csv
1393346804,прочее,"Green 3d check mark standing on peach background, perfect for success screens, eco labels and quiz feedback",p13_block1.csv
1393346833,битое стекло и осколки,"Shattered glass covered in water drops on dark blue, ideal for crime dramas, weather news and insurance ads",p13_block1.csv
1393346850,битое стекло и осколки,"Cracked glass over orange and blue stained pane, perfect for album art, event posters and abstract wall prints",p13_block1.csv
1393346872,битое стекло и осколки,"Sunlight breaking through cracked glass web, ideal for hope themed posters, recovery blogs and film stills",p13_block1.csv
1393346899,битое стекло и осколки,"Water droplets scattered across a dark glass surface, perfect for skincare ads, drink labels and weather art",p13_block1.csv
1393346932,прочее,"Teal water drops along a dark wide banner, ideal for hydration campaigns, spa promos and cooling product ads",p13_block1.csv
1393346969,прочее,"Water drops on dark surface in vertical format, perfect for phone wallpapers, skincare posts and drink stories",p13_block1.csv
1393347036,текстуры и фоны,"Black stones piled on a dark vertical backdrop, ideal for coal industry pages, mineral shops and moody covers",p13_block1.csv
1393347038,текстуры и фоны,"Sharp black crystals filling a dark textured surface, perfect for occult covers, tech backdrops and game terrain",p13_block1.csv
1393347061,текстуры и фоны,"Faceted black stones spread across a wide banner, ideal for jewelry backdrops, mineral shops and dark headers",p13_block1.csv
1393347111,текстуры и фоны,"Single grey stone in focus among blurred pebbles, perfect for meditation blogs, spa branding and zen visuals",p13_block1.csv
1393347119,прочее,"Smiling woman reading her phone by a bright window, ideal for app promos, banking ads and lifestyle blog headers",p13_block1.csv
1393347162,прочее,"Cartoon woman texting on her phone in green dress, perfect for app onboarding, chat stickers and youth branding",p13_block1.csv
1393347247,битое стекло и осколки,"Iridescent glass cube glowing on pink and blue set, ideal for product stands, tech visuals and album covers",p13_block1.csv
1393347312,прочее,"Headphones lit with red and blue neon on wide banner, perfect for music streaming ads, podcast art and dj promos",p13_block1.csv
1393347342,битое стекло и осколки,"Rainbow glass cube standing on reflective surface, ideal for pride graphics, product mockups and tech posters",p13_block1.csv
1393347397,прочее,"Headphones resting on a laptop desk in warm light, perfect for remote work posts, study playlists and podcast ads",p13_block1.csv
1393347493,прочее,"Headphones over vivid paint splatter backdrop, ideal for music festival art, playlist covers and youth branding",p13_block1.csv
1393347554,заготовки: рамки и бирки,"Red squeeze bottle casting long shadow on pink, perfect for sauce packaging, craft glue ads and pop art posters",p13_block1.csv
1393347555,технологии и данные,"Headphones surrounded by colorful ink clouds on white, ideal for music ads, audio branding and playlist banners",p13_block1.csv
1393347591,цветы и ботаника,"Red squeeze bottle on coral background in vertical crop, perfect for sauce labels, craft supplies and shop posts",p13_block1.csv
1393374277,копилки и накопления,"Piggy bank with a bitcoin dropping onto coins, ideal for crypto savings, fintech ads and investment blogs",p13_block10.csv
1393374402,копилки и накопления,"Smiling piggy bank catching bitcoin on teal backdrop, perfect for crypto apps, wallet promos and fintech ui",p13_block10.csv
1393374435,копилки и накопления,"Hand dropping a coin into a piggy bank on wide banner, ideal for savings campaigns, pension ads and bank promos",p13_block10.csv
1393374453,копилки и накопления,"Coins falling into a piggy bank on cream vertical card, perfect for savings stories, bank ads and finance posts",p13_block10.csv
1393374489,копилки и накопления,"Piggy bank with crypto coins falling on mint banner, ideal for crypto wallets, fintech promos and trading apps",p13_block10.csv
1393374512,копилки и накопления,"Faceted piggy bank on a smartphone with gold coins, perfect for mobile banking, fintech ads and payment promos",p13_block10.csv
1393374521,копилки и накопления,"Piggy bank standing on a phone surrounded by coins, ideal for digital wallet ads, saving apps and bank promos",p13_block10.csv
1393374574,копилки и накопления,"Three colorful piggy banks in a row on wide banner, perfect for budget guides, family finance and bank ads",p13_block10.csv
1393374637,копилки и накопления,"Piggy bank family on a beach with parasol and plant, ideal for holiday savings, travel funds and summer promos",p13_block10.csv
1393374680,копилки и накопления,"Three pink piggy banks with coins on peach backdrop, perfect for savings plans, budgeting apps and bank promos",p13_block10.csv
1393374689,копилки и накопления,"Piggy bank in sunglasses with suitcase on a beach, ideal for travel savings, vacation loans and tourism ads",p13_block10.csv
1393374700,копилки и накопления,"Piggy bank in hat leaning on a suitcase by the sea, perfect for holiday budget ads, travel funds and resorts",p13_block10.csv
1393374730,копилки и накопления,"Piggy bank with sunglasses beside a travel trunk, ideal for vacation savings, travel insurance and tour promos",p13_block10.csv
1393374745,копилки и накопления,"Piggy bank in fedora sitting on a coin filled trunk, perfect for travel budgets, tourism ads and holiday promos",p13_block10.csv
1393374912,копилки и накопления,"Graduate piggy bank beside tall stacks of coins, ideal for tuition planning, student loans and edu finance",p13_block10.csv
1393375379,текстуры и фоны,"Figures raising a light bulb on stacks of gold coins, perfect for startup decks, funding pages and idea slides",p13_block10.csv
1393375423,люди и сцены,"People standing on rising coin stacks with a bulb, ideal for startup pitches, team growth and funding slides",p13_block11.csv
1393375703,люди и сцены,"Woman on a coin pile beneath glowing light bulbs, perfect for career blogs, idea slides and finance features",p13_block11.csv
1393375949,копилки и накопления,"Pixel art piggy bank with coins in a night scene, ideal for game ui, retro apps and crypto community art",p13_block11.csv
1393376339,копилки и накопления,"Hand dropping a coin into a piggy bank painted style, perfect for charity ads, savings promos and donation art",p13_block11.csv
1393376459,люди и сцены,"Three dressed pig characters in vintage suits, ideal for childrens books, mascot design and finance cartoons",p13_block11.csv
1393376486,люди и сцены,"Cartoon pigs in coats greeting each other outdoors, perfect for kids stories, mascot sets and playful branding",p13_block11.csv
1393376531,копилки и накопления,"Two kids sitting on a giant piggy bank with coins, ideal for family savings, kids banking and school programs",p13_block11.csv
1393376781,образование,"Chubby pig character in glasses catching coins, perfect for mascot design, finance apps and playful branding",p13_block11.csv
1393376815,люди и сцены,"Set of nine dressed pig characters in vintage outfits, ideal for sticker packs, mascot kits and childrens books",p13_block11.csv
1393376862,упаковка и бутылки,"Coin jars with sprouting plants in an art nouveau frame, perfect for green finance, pension ads and eco banking",p13_block11.csv
1393376865,битое стекло и осколки,"Four glass jars filled with coins on a wooden table, ideal for budgeting guides, savings plans and finance blogs",p13_block11.csv
1393376870,упаковка и бутылки,"Coin jars with growing seedlings on white background, perfect for investment growth, eco funds and pension ads",p13_block11.csv
1393376964,текстуры и фоны,"Couple sitting on a mountain of gold coins cheering, ideal for lottery promos, wealth blogs and finance ads",p13_block11.csv
1393376971,упаковка и бутылки,"Coin jars with green shoots lit by warm sunlight, perfect for pension funds, eco investment and bank promos",p13_block11.csv
1393376979,упаковка и бутылки,"Coin jars with graduation cap and birds on a mural, ideal for tuition funds, scholarship ads and edu finance",p13_block11.csv
1393377081,текстуры и фоны,"Couple celebrating on a pile of gold coins outdoors, perfect for wealth stories, lottery ads and finance blogs",p13_block11.csv
1393377417,упаковка и бутылки,"Coin jar topped with a graduation cap on grey backdrop, ideal for tuition savings, student loans and edu ads",p13_block11.csv
1393377595,космос и частицы,"Red and blue light streaks bursting from a bright core, perfect for tech intros, gaming art and event visuals",p13_block11.csv
1393377705,прочее,"Cartoon pig in hat and shades beside a suitcase, ideal for travel savings, tourism promos and holiday branding",p13_block11.csv
1393377708,копилки и накопления,"Piggy bank in sunglasses with coins and a suitcase, perfect for vacation funds, travel loans and summer promos",p13_block11.csv
1393377847,упаковка и бутылки,"Two coin jars with a sprouting plant in flat style, ideal for savings apps, pension ads and finance infographics",p13_block12.csv
1393377866,упаковка и бутылки,"Coin stacks beside a full jar in warm garden light, perfect for pension funds, savings plans and finance blogs",p13_block12.csv
1393377933,упаковка и бутылки,"Coin stacks with seedlings beside a jar of coins, ideal for green investment, pension ads and eco banking",p13_block12.csv
1393377988,упаковка и бутылки,"Coin stacks and a full jar in black and white, perfect for finance reports, banking slides and editorial art",p13_block12.csv
1393378437,цветы и ботаника,"Man beneath a glowing bulb among coins and flowers, ideal for startup pitches, idea slides and finance banners",p13_block12.csv
1393378565,прочее,"Happy woman with credit cards and shopping bags, perfect for retail promos, cashback ads and card offers",p13_block12.csv
1393378726,прочее,"Tiny figure glowing on coin stacks in a wide banner, ideal for investment blogs, fintech ads and idea headers",p13_block12.csv
1393378759,прочее,"Cartoon businessman with megaphone on coin stacks, perfect for sale announcements, promo ads and marketing art",p13_block12.csv
1393378869,упаковка и бутылки,"Coin jar with cork lid on a vivid painted backdrop, ideal for savings promos, budgeting apps and finance art",p13_block12.csv
1393378914,упаковка и бутылки,"Coin jar with sprouts on a bright green wide banner, perfect for eco funds, pension ads and green banking",p13_block12.csv
1393347628,еда и выпечка,"Red sauce bottle against corrugated orange wall, ideal for hot sauce branding, food labels and diner menu art",p13_block2.csv
1393347648,еда и выпечка,"Red squeeze bottle on textured coral wall banner, perfect for sauce packaging, food promos and menu headers",p13_block2.csv
1393347679,еда и выпечка,"Glossy red sauce bottle on warm orange backdrop, ideal for hot sauce labels, grill menus and food shop posts",p13_block2.csv
1393347774,текстуры и фоны,"Scallop seashell on pale grey surface from above, perfect for spa branding, coastal decor and beach wedding art",p13_block2.csv
1393347783,еда и выпечка,"Red bottle on rusty turquoise metal panel, ideal for street food branding, retro posters and grunge menu art",p13_block2.csv
1393347791,природа и пейзаж,"Seashell on sunlit sand in wide beach banner, perfect for travel promos, resort headers and summer campaigns",p13_block2.csv
1393347854,природа и пейзаж,"Orange spiral seashell on turquoise water backdrop, ideal for spa visuals, coastal decor and beach shop branding",p13_block2.csv
1393347879,текстуры и фоны,"Ornate gold baroque frame with blank center, perfect for luxury invitations, certificates and gallery mockups",p13_block2.csv
1393347890,текстуры и фоны,"Gilded antique picture frame in wide format, ideal for museum layouts, award certificates and vintage headers",p13_block2.csv
1393347899,заготовки: рамки и бирки,"White plastic detergent bottle isolated on white, perfect for cleaning product mockups, labels and shop listings",p13_block2.csv
1393347909,заготовки: рамки и бирки,"Blank white laundry bottle with handle on white, ideal for packaging design, cleaning brand mockups and catalogs",p13_block2.csv
1393347914,текстуры и фоны,"Wide gold ornate frame on black background, perfect for luxury banners, event invites and award presentations",p13_block2.csv
1393347926,интерьер и мебель,"Vertical gold frame on cream wall with empty center, ideal for poster mockups, quote cards and gallery walls",p13_block2.csv
1393347960,заготовки: рамки и бирки,"White plastic bottle with soft curves on white, perfect for detergent branding, packaging design and mockups",p13_block2.csv
1393348018,заготовки: рамки и бирки,"Mint pump bottle on pale wide banner with copy space, ideal for skincare branding, spa promos and shop headers",p13_block2.csv
1393348040,текстуры и фоны,"Golden embossed envelope flap close up banner, perfect for luxury invitations, gala promos and premium mailers",p13_block2.csv
1393348098,текстуры и фоны,"Gold envelope with engraved pattern under warm light, ideal for wedding invites, award mailings and vip cards",p13_block2.csv
1393348118,заготовки: рамки и бирки,"Plain kraft envelope centered on beige background, perfect for stationery mockups, mail branding and templates",p13_block2.csv
1393348125,текстуры и фоны,"Gold embossed envelope corner with ornate pattern, ideal for luxury branding, invitation art and premium print",p13_block2.csv
1393348145,заготовки: рамки и бирки,"Kraft envelope on warm beige surface in wide crop, perfect for newsletter headers, mail promos and stationery",p13_block2.csv
1393348147,природа и пейзаж,"Sealed kraft envelope centered on soft grey square, ideal for stationery brands, mail icons and post promos",p13_block2.csv
1393348149,заготовки: рамки и бирки,"Two kraft envelopes overlapping in wide banner crop, perfect for mailing services, newsletters and post ads",p13_block2.csv
1393348176,колоннады и залы,"Weathered vintage envelope with ink border on paper, ideal for antique letters, history blogs and retro design",p13_block2.csv
1393348254,прочее,"Open envelope with blank white letter inside, perfect for message templates, email art and announcement cards",p13_block2.csv
1393348352,текстуры и фоны,"Pastel wave of layered paper ribbons on pink banner, ideal for beauty branding, soft headers and packaging art",p13_block2.csv
1393348400,текстуры и фоны,"Papercut lightning bolt among pastel clouds banner, perfect for kids apps, weather graphics and craft branding",p13_block2.csv
1393348467,медицина и уход,"Layered pastel lightning bolt poster in vertical crop, ideal for nursery prints, kids posters and app splash",p13_block2.csv
1393348511,текстуры и фоны,"Pastel zigzag ribbon rising across pale blue banner, perfect for growth charts, fintech visuals and headers",p13_block2.csv
1393348539,текстуры и фоны,"Gold envelope with jewel studs on dark backdrop, ideal for gala invites, luxury mailers and premium branding",p13_block2.csv
1393348543,медицина и уход,"Yellow lightning bolt among pastel clouds in soft light, perfect for kids branding, weather art and app screens",p13_block2.csv
1393348554,текстуры и фоны,"Gold envelope framed by ruffled golden silk banner, ideal for luxury invitations, awards and premium promos",p13_block2.csv
1393348765,лёд и охлаждение,"Blue crystal star glowing on deep bokeh background, perfect for winter promos, holiday cards and magic themes",p13_block2.csv
1393348788,лёд и охлаждение,"Ice crystal spikes lit by warm glow on blue, ideal for winter campaigns, cooling ads and fantasy game art",p13_block2.csv
1393348850,лёд и охлаждение,"Cluster of clear ice crystals in vertical close up, perfect for cooling product ads, winter posts and stories",p13_block2.csv
1393349044,лёд и охлаждение,"Tiny ice fragments scattered on dark wide banner, ideal for chilled drink ads, winter headers and cold branding",p13_block2.csv
1393349084,лёд и охлаждение,"Crushed ice pieces glowing on black wide banner, perfect for cocktail menus, cooling ads and drink packaging",p13_block2.csv
1393349120,лёд и охлаждение,"Broken ice shards standing on dark reflective floor, ideal for beverage promos, winter posters and cold ads",p13_block2.csv
1393349734,люди и сцены,"Purple puzzle piece on violet gradient surface, perfect for hr visuals, strategy slides and problem solving art",p13_block2.csv
1393349833,люди и сцены,"Single purple puzzle piece with glossy edge on white, perfect for hr slides, autism awareness and quiz apps",p13_block3.csv
1393349848,люди и сцены,"Purple puzzle piece lifted from assembled board, ideal for team building decks, hiring pages and it branding",p13_block3.csv
1393349872,кибербезопасность и угрозы,"Textured puzzle piece removed from violet board, perfect for strategy slides, cyber security and hr visuals",p13_block3.csv
1393349883,битое стекло и осколки,"Dark craft beer bottle against graffiti wall backdrop, ideal for brewery branding, bar menus and label mockups",p13_block3.csv
1393349904,прочее,"Watercolor sparkling wine bottle on white paper, perfect for wedding menus, celebration cards and wine lists",p13_block3.csv
1393349982,еда и выпечка,"Golden tray of small pastries on marble in warm light, ideal for cafe menus, catering promos and dessert ads",p13_block3.csv
1393350018,текстуры и фоны,"Engraved brass serving tray on a cafe table, perfect for restaurant branding, oriental decor and menu design",p13_block3.csv
1393350065,текстуры и фоны,"Golden plate with ornate relief seen from above, ideal for luxury tableware ads, menu covers and decor shops",p13_block3.csv
1393350102,еда и выпечка,"Grilled patties on flatbread served on a gold tray, perfect for restaurant menus, delivery apps and food ads",p13_block3.csv
1393350116,лёд и охлаждение,"Ice cube exploding into shards on black background, ideal for drink ads, cooling branding and energy visuals",p13_block3.csv
1393350187,битое стекло и осколки,"Line drawing of cracked glass on white background, perfect for infographics, warning icons and print design",p13_block3.csv
1393350213,еда и выпечка,"Baked pastries in golden dishes on rustic wood table, ideal for bakery menus, catering ads and recipe blogs",p13_block3.csv
1393350231,прочее,"Stacked zen pebbles balancing on a rocky surface, perfect for spa branding, meditation apps and wellness ads",p13_block3.csv
1393350235,образование,"Pencil sketch of balanced stone cairn on white, ideal for wellness prints, book covers and mindfulness cards",p13_block3.csv
1393350238,природа и пейзаж,"Zen stones stacked on a calm beach at dawn, perfect for spa promos, retreat pages and meditation banners",p13_block3.csv
1393350285,заготовки: рамки и бирки,"Blue dish soap bottle on bright blue backdrop, ideal for cleaning brand mockups, packaging and shop banners",p13_block3.csv
1393350294,заготовки: рамки и бирки,"Blue detergent bottle on wide blue banner with space, perfect for cleaning promos, labels and store headers",p13_block3.csv
1393350321,прочее,"Balanced pebbles on smooth stones in soft daylight, ideal for spa branding, therapy sites and calm headers",p13_block3.csv
1393350334,заготовки: рамки и бирки,"Blue laundry bottle with handle on blue background, perfect for detergent branding, mockups and shop listings",p13_block3.csv
1393350357,заготовки: рамки и бирки,"Translucent blue cleaning bottle on pale blue backdrop, ideal for packaging design, labels and product pages",p13_block3.csv
1393350363,еда и выпечка,"Row of kraft paper bags on beige wide banner, perfect for takeaway branding, eco packaging and shop headers",p13_block3.csv
1393350385,заготовки: рамки и бирки,"Blue dish soap bottle isolated on light grey studio, ideal for cleaning product mockups, labels and catalogs",p13_block3.csv
1393350394,еда и выпечка,"Kraft paper lunch bag standing on plain background, perfect for takeaway mockups, eco branding and menus",p13_block3.csv
1393350395,заготовки: рамки и бирки,"Blue bottle with blank label on turquoise backdrop, ideal for detergent packaging, label design and mockups",p13_block3.csv
1393350418,еда и выпечка,"Kraft bags lined up on a counter with green plant, perfect for cafe takeaway, eco shops and delivery promos",p13_block3.csv
1393350476,заготовки: рамки и бирки,"Five kraft paper bags in a row on beige banner, ideal for packaging catalogs, eco branding and shop banners",p13_block3.csv
1393350477,еда и выпечка,"Three kraft bags on dark stone counter in cool light, perfect for deli branding, food delivery and packaging",p13_block3.csv
1393350493,еда и выпечка,"Tall kraft paper bag on grey concrete backdrop, ideal for takeaway mockups, eco packaging and menu design",p13_block3.csv
1393350517,еда и выпечка,"Kraft bags with fresh tomatoes on a light counter, perfect for grocery promos, farm shops and delivery ads",p13_block3.csv
1393350556,еда и выпечка,"Single kraft paper bag on warm beige wide banner, ideal for takeaway branding, packaging mockups and menus",p13_block3.csv
1393350591,еда и выпечка,"Kraft paper bag standing on soft cream backdrop, perfect for eco packaging, food branding and shop listings",p13_block3.csv
1393350658,еда и выпечка,"Kraft bag on wide neutral banner with copy space, ideal for delivery promos, packaging ads and store headers",p13_block3.csv
1393350685,лёд и охлаждение,"Ice fragments forming a flower shape on black, perfect for cocktail branding, winter art and cooling promos",p13_block3.csv
1393350712,битое стекло и осколки,"Cracked glass wheel pattern on dark background, ideal for security graphics, thriller covers and tech art",p13_block3.csv
1393350826,природа и пейзаж,"Blank wooden a frame chalkboard outside a cafe, perfect for menu mockups, promo signs and shop advertising",p13_block3.csv
1393350857,природа и пейзаж,"Wooden sandwich board with empty black panel on street, ideal for menu templates, sale signs and cafe promos",p13_block3.csv
1393350866,природа и пейзаж,"Sealed cream envelope on wide banner with copy space, perfect for newsletters, invitations and mail promos",p13_block3.csv
1393350910,текстуры и фоны,"Cream envelope with gold seal emblem centered, ideal for wedding invites, certificates and premium mailers",p13_block3.csv
1393351003,природа и пейзаж,"Plain cream envelope on wide neutral banner, perfect for email headers, stationery mockups and post promos",p13_block3.csv
1393351004,спорт,"Red boxing glove raised against dark blue backdrop, ideal for gym promos, fight night posters and sport ads",p13_block3.csv
1393370506,мешки денег и монеты,"Money bag with dollar sign on pile of gold coins, ideal for loan ads, savings promos and finance blog headers",p13_block9.csv
1393370537,текстуры и фоны,"Cartoon money sack with coin stacks on wide banner, perfect for lottery promos, cashback ads and game ui",p13_block9.csv
1393370579,мешки денег и монеты,"Money bag on coins against coral vintage poster, ideal for retro finance ads, casino art and lottery posters",p13_block9.csv
1393370604,текстуры и фоны,"Money sack on graffiti wall with scattered coins, perfect for street finance art, crypto posts and urban ads",p13_block9.csv
1393370714,мешки денег и монеты,"Money bag with coin stacks in a sunset illustration, ideal for fintech banners, savings apps and loan promos",p13_block9.csv
1393370730,текстуры и фоны,"Money sack and coin piles isolated on white, perfect for finance icons, banking slides and savings graphics",p13_block9.csv
1393370768,мешки денег и монеты,"Money bag overflowing with coins among green leaves, ideal for green finance, eco investment and bank ads",p13_block9.csv
1393370819,текстуры и фоны,"Money sack with coin stacks on cream retro backdrop, perfect for savings promos, loan ads and finance posters",p13_block9.csv
1393371095,копилки и накопления,"Piggy bank among pink flowers and coins on banner, ideal for spring savings, bank promos and womens finance",p13_block9.csv
1393371099,копилки и накопления,"Pink piggy bank with roses and scattered coins, perfect for savings campaigns, gift promos and finance blogs",p13_block9.csv
1393371392,прочее,"Cartoon businessman on coin stack with rising arrow, ideal for growth slides, startup decks and finance ads",p13_block9.csv
1393371698,текстуры и фоны,"Illustrated man carrying a huge stack of gold coins, perfect for debt stories, loan ads and finance cartoons",p13_block9.csv
1393371723,люди и сцены,"Man walking past growing coin stacks with plants, ideal for pension ads, investment blogs and savings apps",p13_block9.csv
1393371852,текстуры и фоны,"Two men trading coins in a colorful comic scene, perfect for fintech stories, gaming art and crypto posts",p13_block9.csv
1393372712,кибербезопасность и угрозы,"Red digital corridor with glowing padlock in the dark, ideal for cybersecurity ads, breach alerts and it decks",p13_block9.csv
1393372713,кибербезопасность и угрозы,"Blue human face made of glowing particles in profile, perfect for ai branding, biometrics and tech covers",p13_block9.csv
1393372773,копилки и накопления,"Cartoon piggy bank catching falling gold coins, ideal for savings apps, kids finance and cashback promos",p13_block9.csv
1393372788,копилки и накопления,"Piggy bank with coins dropping on pale wide banner, perfect for bank ads, savings promos and finance headers",p13_block9.csv
1393372791,копилки и накопления,"Pink piggy bank with falling coins on mint backdrop, ideal for savings campaigns, fintech apps and bank promos",p13_block9.csv
1393372895,копилки и накопления,"Piggy bank standing on a smartphone with coins, perfect for mobile banking ads, fintech apps and payment promos",p13_block9.csv
1393372910,копилки и накопления,"Pink piggy bank with a coin falling on pink backdrop, ideal for savings ads, bank promos and finance stories",p13_block9.csv
1393372966,битое стекло и осколки,"Piggy bank on a phone against stained glass lights, perfect for fintech branding, payment ads and app promos",p13_block9.csv
1393372977,копилки и накопления,"Piggy bank on coins and phone over graffiti wall, ideal for crypto posts, fintech ads and youth banking",p13_block9.csv
1393372980,копилки и накопления,"Piggy bank glowing on a phone with sparkling coins, perfect for mobile banking, cashback ads and app screens",p13_block9.csv
1393373123,копилки и накопления,"Three piggy banks in blue orange and pink panels, ideal for budgeting guides, bank comparisons and finance ui",p13_block9.csv
1393373164,копилки и накопления,"Three graduate piggy banks with caps on pastel wall, perfect for tuition savings, student loans and edu finance",p13_block9.csv
1393373179,копилки и накопления,"Piggy bank with a sprouting plant on its back, ideal for growth savings, pension ads and green finance visuals",p13_block9.csv
1393373191,копилки и накопления,"Piggy bank in sunglasses with suitcase and coins, perfect for travel savings, vacation loans and holiday ads",p13_block9.csv
1393373227,копилки и накопления,"Piggy bank in hat and shades on a coin filled trunk, ideal for travel budget ads, tourism promos and holidays",p13_block9.csv
1393373346,копилки и накопления,"Graduate piggy bank with coin stacks on teal wall, perfect for tuition planning, student savings and edu ads",p13_block9.csv
1393373370,копилки и накопления,"Piggy bank in graduation cap standing on gold coins, ideal for scholarship promos, student loans and edu finance",p13_block9.csv
1393373412,копилки и накопления,"Graduate piggy bank with tassel cap on grey backdrop, perfect for education savings, tuition ads and edu blogs",p13_block9.csv
1393373476,копилки и накопления,"Piggy bank in graduation cap among scattered coins, ideal for student finance, tuition plans and college promos",p13_block9.csv
1393373674,кибербезопасность и угрозы,"Hooded hacker at a laptop in a red lit archway, perfect for cybercrime articles, security ads and thriller art",p13_block9.csv
1393373695,кибербезопасность и угрозы,"Masked hacker typing on a laptop in a dark room, ideal for fraud awareness, cybersecurity ads and news art",p13_block9.csv
1393373793,кибербезопасность и угрозы,"Hacker at a laptop against falling red code, perfect for cybersecurity branding, breach alerts and it decks",p13_block9.csv
1393353627,битое стекло и осколки,"Cracked glass web glowing above dark reflective floor, ideal for thriller covers, security ads and film art",p15_block4.csv
1393353698,битое стекло и осколки,"Laboratory flask with liquid against graffiti backdrop, perfect for street science posts, lab ads and edu blogs",p15_block4.csv
1393353836,битое стекло и осколки,"Twisted glass carafe with water on grey backdrop, ideal for barware catalogs, interior decor and design shops",p15_block4.csv
1393353841,битое стекло и осколки,"Crystal goblet with sparkling bubbles on grey studio, perfect for drink menus, bar branding and glassware ads",p15_block4.csv
1393353881,битое стекло и осколки,"Laboratory flask glowing in pink and blue smoke banner, ideal for science branding, lab headers and edu promos",p15_block4.csv
1393353984,природа и пейзаж,"Rows of black garbage bags in a dark wide banner, perfect for waste management ads, recycling and city services",p15_block4.csv
1393353989,природа и пейзаж,"Black garbage bags packed tight in vertical crop, ideal for waste industry pages, eco articles and city ads",p15_block4.csv
1393354023,текстуры и фоны,"Close up of tied black trash bags filling the frame, perfect for recycling posts, waste ads and eco reports",p15_block4.csv
1393354134,текстуры и фоны,"Plain kraft cardboard texture in wide banner format, ideal for eco packaging, craft headers and rustic layouts",p15_block4.csv
1393354215,текстуры и фоны,"Woven kraft paper texture stretched across a banner, perfect for craft branding, eco labels and rustic design",p15_block4.csv
1393354380,интерьер и мебель,"Blank cork board leaning on wall with small plants, ideal for office mockups, note templates and school decor",p15_block4.csv
1393354485,битое стекло и осколки,"Champagne glass shattering into droplets on black, perfect for party posters, bar promos and celebration art",p15_block4.csv
1393354497,битое стекло и осколки,"Glass tumbler breaking apart with ice on dark floor, ideal for bar branding, insurance ads and drink visuals",p15_block4.csv
1393354541,текстуры и фоны,"Water droplets scattered diagonally on dark surface, perfect for skincare ads, drink labels and cool branding",p15_block4.csv
1393354620,кибербезопасность и угрозы,"Watercolor padlock illustration on white paper, ideal for privacy blogs, fintech posts and security branding",p15_block4.csv
1393354650,кибербезопасность и угрозы,"Neon padlock glowing on dark bokeh banner, perfect for cybersecurity ads, vpn promos and data privacy pages",p15_block4.csv
1393354671,кибербезопасность и угрозы,"Glowing padlock on circuit board pattern in blue, ideal for cybersecurity branding, it slides and vpn ads",p15_block4.csv
1393354752,кибербезопасность и угрозы,"Neon padlock over digital grid in wide dark banner, perfect for data protection ads, saas pages and it headers",p15_block4.csv
1393354808,медицина и уход,"Pink human brain model on soft gradient background, ideal for neuroscience posts, mental health and ai visuals",p15_block4.csv
1393354844,медицина и уход,"Colorful brain shaped tree with leaves and flowers, perfect for mental health campaigns, growth and education",p15_block4.csv
1393354878,лёд и охлаждение,"Melting ice block glowing on wet floor at dusk, ideal for climate stories, cooling ads and drink branding",p15_block4.csv
1393355032,лёд и охлаждение,"Ice crystal burst with radiating spikes on dark floor, perfect for winter promos, cooling ads and fantasy art",p15_block4.csv
1393355056,лёд и охлаждение,"Small ice shards flying up from black surface, ideal for chilled drink ads, winter headers and cold branding",p15_block4.csv
1393355075,лёд и охлаждение,"Ice splash bursting on a wet dark surface, perfect for beverage promos, energy ads and cooling campaigns",p15_block4.csv
1393355162,битое стекло и осколки,"Broken glass rosette floating on black background, ideal for security graphics, album art and thriller covers",p15_block4.csv
1393355169,лёд и охлаждение,"Ice needles radiating from a single point on black, perfect for winter branding, cold ads and abstract art",p15_block4.csv
1393355207,камни и минералы,"Round cut amber gemstone glowing on pale backdrop, ideal for jewelry stores, birthstone pages and gem catalogs",p15_block4.csv
1393355300,камни и минералы,"Amber gemstone among warm bokeh lights in banner, perfect for jewelry promos, autumn ads and gift headers",p15_block4.csv
1393355341,текстуры и фоны,"Golden yellow gemstone on soft beige studio backdrop, ideal for gem shops, birthstone guides and jewelry ads",p15_block4.csv
1393355375,камни и минералы,"Pink and blue crystal cluster glowing in dark banner, perfect for mystic branding, spa promos and gem shops",p15_block4.csv
1393355384,лёд и охлаждение,"Ice fragments and droplets scattered on dark blue, ideal for cooling ads, winter headers and drink visuals",p15_block4.csv
1393355462,лёд и охлаждение,"Crushed ice line glowing across a dark wide banner, perfect for cocktail menus, cooling ads and bar branding",p15_block4.csv
1393355498,лёд и охлаждение,"Ice and fire shards bursting together on black, ideal for game art, sport posters and energy drink branding",p15_block4.csv
1393355520,битое стекло и осколки,"Shattered glass star exploding on dark background, perfect for action posters, security ads and film titles",p15_block4.csv
1393355587,битое стекло и осколки,"Glass tumbler shattering with fragments in mid air, ideal for insurance ads, bar visuals and breakage warnings",p15_block4.csv
1393355590,битое стекло и осколки,"Number two formed from cracked ice on dark surface, perfect for anniversary posts, countdowns and winter promos",p15_block4.csv
1393355687,лёд и охлаждение,"Number two sculpted from spiked ice crystals, ideal for winter campaigns, countdown graphics and event art",p15_block4.csv
1393355704,битое стекло и осколки,"Number two built from glass shards on black, perfect for anniversary art, countdown posts and title cards",p15_block4.csv
1393355718,битое стекло и осколки,"Sauce bottles beside a red wall in wide banner crop, ideal for diner menus, condiment branding and food promos",p15_block4.csv
1393355907,еда и выпечка,"Red squeeze bottle centered on deep red backdrop, perfect for sauce labels, food packaging and menu design",p15_block4.csv
1393355923,космос и частицы,"Glowing blue galaxy inside a crystal ball on rocks, ideal for astrology apps, sci fi covers and mystic branding",p15_block5.csv
1393356011,космос и частицы,"Crystal sphere with swirling nebula on stone pedestal, perfect for tarot branding, fantasy art and event posters",p15_block5.csv
1393356017,битое стекло и осколки,"Glass orb holding a spiral galaxy above dark ground, ideal for astronomy blogs, sci fi covers and app splash",p15_block5.csv
1393356019,камни и минералы,"Starry crystal ball on wooden stand in blue cave, perfect for fortune telling art, fantasy games and tarot decks",p15_block5.csv
1393356060,камни и минералы,"Crystal ball with fiery lightning inside on embers, ideal for fantasy game art, thriller covers and magic themes",p15_block5.csv
1393356094,битое стекло и осколки,"Blue galaxy swirl inside a glass orb on dark rocks, perfect for meditation apps, cosmic art and book covers",p15_block5.csv
1393356110,лёд и охлаждение,"Ice cubes with water splash on vivid blue banner, ideal for soft drink ads, cocktail menus and cooling promos",p15_block5.csv
1393356210,лёд и охлаждение,"Falling ice cubes splashing across a wide banner, perfect for beverage packaging, bar promos and summer ads",p15_block5.csv
1393356224,лёд и охлаждение,"Ice cubes dropping into clear water with splash, ideal for drink branding, hydration ads and summer campaigns",p15_block5.csv
1393356353,текстуры и фоны,"Textured white bottle with fabric finish on light grey, perfect for eco packaging, cosmetics and label mockups",p15_block5.csv
1393356389,текстуры и фоны,"Dark crushed gravel filling the frame in close up, ideal for construction ads, industrial pages and dark textures",p15_block5.csv
1393356395,текстуры и фоны,"Angular black rocks packed across a wide banner, perfect for industrial headers, mining ads and dark backdrops",p15_block5.csv
1393356401,текстуры и фоны,"Black volcanic gravel texture in vertical crop, ideal for mobile wallpapers, industrial posts and dark layouts",p15_block5.csv
1393356430,заготовки: рамки и бирки,"Cream detergent bottle on pale wide banner with space, perfect for cleaning brands, labels and store headers",p15_block5.csv
1393356438,текстуры и фоны,"Wet dark stones packed tight in vertical banner, ideal for spa branding, industrial pages and moody backdrops",p15_block5.csv
1393356463,заготовки: рамки и бирки,"White pump bottle on plain grey studio background, perfect for cosmetics mockups, soap labels and skincare ads",p15_block5.csv
1393356502,прочее,"Watercolor detergent bottle illustration on white, ideal for cleaning blogs, packaging sketches and eco brands",p15_block5.csv
1393356543,заготовки: рамки и бирки,"Mint detergent bottle on soft wide banner with space, perfect for eco cleaning brands, labels and shop headers",p15_block5.csv
1393356646,битое стекло и осколки,"Wine glass shattering with fragments on black, ideal for insurance ads, drama posters and breakage warnings",p15_block5.csv
1393356730,битое стекло и осколки,"Broken glass shards with water drops on dark floor, perfect for crime covers, security ads and moody visuals",p15_block5.csv
1393356761,битое стекло и осколки,"Pale green glass fragments scattered on black surface, ideal for recycling ads, security graphics and textures",p15_block5.csv
1393356776,битое стекло и осколки,"Small glass pieces spread on a dark vertical banner, perfect for recycling posts, warning graphics and stories",p15_block5.csv
1393356806,битое стекло и осколки,"Green glass shards piled on wet dark background, ideal for recycling campaigns, bottle bank ads and textures",p15_block5.csv
1393356984,лёд и охлаждение,"Ice chunk bursting into small shards on black, perfect for cooling ads, energy branding and drink promos",p15_block5.csv
1393356992,медицина и уход,"Scientist in blue lab examining a flask on screen, ideal for research pages, pharma ads and biotech branding",p15_block5.csv
1393357075,лёд и охлаждение,"Ice pile with flying fragments on dark background, perfect for chilled drink ads, winter promos and cold branding",p15_block5.csv
1393357077,лёд и охлаждение,"Turquoise ice splash bursting on reflective dark floor, ideal for beverage promos, energy ads and cool visuals",p15_block5.csv
1393357240,битое стекло и осколки,"Water forming a glass shape mid splash on black, perfect for hydration ads, drink branding and water campaigns",p15_block5.csv
1393357348,прочее,"Sketched gravestones in a quiet field wide banner, ideal for memorial pages, funeral services and history blogs",p15_block5.csv
1393357427,заготовки: рамки и бирки,"Blank granite headstone on sunlit cemetery lawn, perfect for memorial mockups, funeral homes and obituary art",p15_block5.csv
1393357546,колоннады и залы,"Marble memorial monument with columns on grey wall, ideal for funeral services, memorial art and stone catalogs",p15_block5.csv
1393357570,битое стекло и осколки,"Champagne flute with cracks and bubbles on black, perfect for party posters, bar branding and celebration art",p15_block5.csv
1393357599,битое стекло и осколки,"Delicate glass splinter burst on a dark vertical field, ideal for security posts, phone wallpapers and stories",p15_block5.csv
1393357662,битое стекло и осколки,"Champagne glass shattering with droplets flying up, perfect for new year posters, bar ads and party visuals",p15_block5.csv
1393357675,битое стекло и осколки,"Circular bullet hole in glass with radiating cracks, ideal for crime covers, security ads and news graphics",p15_block5.csv
1393357814,битое стекло и осколки,"Dark bullet hole surrounded by glass splinters, perfect for thriller posters, gaming art and security branding",p15_block5.csv
1393357854,битое стекло и осколки,"Sharp glass spikes radiating from a small hole, ideal for action posters, film titles and security campaigns",p15_block5.csv
1393357940,текстуры и фоны,"Water wave splashing across a dark wide banner, perfect for drink ads, hydration promos and pool branding",p15_block5.csv
1393357960,медицина и уход,"Nurse smiling with elderly patient in hospital bed, ideal for elder care ads, clinic pages and health insurance",p15_block5.csv
1393357972,медицина и уход,"Nurse comforting a senior man in a bright care home, perfect for elder care branding, hospice and health promos",p15_block5.csv
1393358041,битое стекло и осколки,"Fine glass dust scattering low across black floor, ideal for security graphics, film titles and dark backdrops",p15_block6.csv
1393358056,битое стекло и осколки,"Glass fragments falling in a vertical dark column, perfect for phone wallpapers, story frames and thriller art",p15_block6.csv
1393358088,битое стекло и осколки,"Heap of broken glass with flying splinters on black, ideal for recycling ads, security posts and warning art",p15_block6.csv
1393358089,битое стекло и осколки,"Glass shards suspended in a dark vertical frame, perfect for story backgrounds, posters and moody covers",p15_block6.csv
1393358091,битое стекло и осколки,"Radial ring of glass blades on deep black, ideal for security branding, album covers and title graphics",p15_block6.csv
1393358099,битое стекло и осколки,"Glass pieces flying diagonally through dark space, perfect for action posters, gaming art and dynamic banners",p15_block6.csv
1393358151,лёд и охлаждение,"Ice cubes with water splash on deep blue banner, ideal for soft drink ads, bar menus and summer campaigns",p15_block6.csv
1393358192,лёд и охлаждение,"Stacked ice cubes bursting with water on blue, perfect for beverage packaging, cooling ads and bar branding",p15_block6.csv
1393358209,лёд и охлаждение,"Ice cubes and droplets flying above a blue surface, ideal for drink promos, hydration ads and summer headers",p15_block6.csv
1393358237,битое стекло и осколки,"Tall glass of iced water splashing on dark blue, perfect for hydration campaigns, cafe menus and drink ads",p15_block6.csv
1393358242,лёд и охлаждение,"Row of ice cubes with splash on blue wide banner, ideal for cooling promos, drink labels and summer sales",p15_block6.csv
1393358275,битое стекло и осколки,"Glass splinters spread across a reflective dark floor, perfect for crime covers, security ads and dark art",p15_block6.csv
1393358278,лёд и охлаждение,"Ice cubes stacked with water splash on navy blue, ideal for beverage branding, bar promos and cooling ads",p15_block6.csv
1393358281,битое стекло и осколки,"Delicate glass starburst floating on black background, perfect for title cards, security art and minimal covers",p15_block6.csv
1393358317,битое стекло и осколки,"Green glass petals arranged like a flower on black, ideal for recycling campaigns, eco art and bottle banks",p15_block6.csv
1393358363,битое стекло и осколки,"Teal glass fragments scattered on a dark surface, perfect for recycling ads, texture backdrops and warnings",p15_block6.csv
1393358430,битое стекло и осколки,"Explosive glass burst radiating from a bright center, ideal for action posters, game art and energy branding",p15_block6.csv
1393358557,битое стекло и осколки,"Wine glass with sparkling water splashing over rim, perfect for bar menus, drink branding and party posters",p15_block6.csv
1393358575,битое стекло и осколки,"Silver glass needles bursting outward on grey black, ideal for tech covers, security art and title graphics",p15_block6.csv
1393358603,битое стекло и осколки,"Glass shards exploding from a central point on black, perfect for thriller covers, gaming art and security ads",p15_block6.csv
1393351089,спорт,"Red leather boxing glove upright on grey backdrop, ideal for gym promos, fight posters and sport equipment ads",p16_block7.csv
1393351136,новый год и рождество,"Cream gift box with gold ribbon on wide banner, perfect for holiday promos, gift card art and store headers",p16_block7.csv
1393351179,новый год и рождество,"Golden satin bow tied on a cream gift wrap, ideal for christmas cards, luxury packaging and gift shop visuals",p16_block7.csv
1393351215,новый год и рождество,"Wrapped gift box with gold bow among ornaments, perfect for christmas promos, holiday sales and greeting cards",p16_block7.csv
1393351240,новый год и рождество,"Large golden satin bow filling the frame, ideal for luxury packaging, gift branding and holiday backdrops",p16_block7.csv
1393351246,битое стекло и осколки,"Cracked glass with water drops on dark wide banner, perfect for weather news, insurance ads and crime covers",p16_block7.csv
1393351287,прочее,"Dark satin bow centered on black vertical banner, ideal for elegant invitations, luxury promos and gift cards",p16_block7.csv
1393351413,текстуры и фоны,"Blank price tag on rusty metal wide banner, perfect for sale promos, vintage labels and industrial shop art",p16_block7.csv
1393351427,текстуры и фоны,"Blank kraft tag lying on rustic wooden planks, ideal for craft branding, farm shop labels and gift tag mockups",p16_block7.csv
1393351472,текстуры и фоны,"Kraft price tag on cracked wooden table close up, perfect for handmade labels, market signs and shop mockups",p16_block7.csv
1393351530,заготовки: рамки и бирки,"Red price tag on distressed red wide banner, ideal for sale campaigns, discount promos and retail headers",p16_block7.csv
1393351536,заготовки: рамки и бирки,"Blank white paper tag on plain grey background, perfect for label mockups, product tags and packaging design",p16_block7.csv
1393351585,текстуры и фоны,"Red price tag hanging on weathered metal surface, ideal for sale posters, vintage retail and market signage",p16_block7.csv
1393351586,заготовки: рамки и бирки,"Illustrated red tag with rope on pink gradient, perfect for sale banners, app badges and cartoon shop art",p16_block7.csv
1393351607,текстуры и фоны,"Weathered red price tag with rope on beige wall, ideal for market signs, rustic sales and shop mockups",p16_block7.csv
1393351674,цветы и ботаника,"Red gift tag framed by folk flowers on white banner, perfect for holiday cards, craft labels and gift wrapping",p16_block7.csv
1393351821,еда и выпечка,"Kraft tag beside fresh vegetables on painted wood, ideal for farm markets, recipe blogs and organic labels",p16_block7.csv
1393351825,заготовки: рамки и бирки,"Blank kraft tag hanging on soft grey background, perfect for gift labels, product tags and minimal mockups",p16_block7.csv
1393351901,цветы и ботаника,"Decorated gift tag tied to patterned paper package, ideal for gift wrapping, craft shops and holiday branding",p16_block7.csv
1393351999,текстуры и фоны,"Vintage kraft tag with dark border on cream paper, perfect for antique labels, journals and rustic mockups",p16_block7.csv
1393352001,заготовки: рамки и бирки,"Blank kraft tag centered on plain white background, ideal for product labels, price tags and clean mockups",p16_block7.csv
1393352103,цветы и ботаника,"Ornate floral label frame on a wide vintage banner, perfect for antique branding, menus and decorative headers",p16_block7.csv
1393352133,цветы и ботаника,"Vintage tag with soft floral border on mint paper, ideal for wedding favors, craft labels and shabby chic art",p16_block7.csv
1393352139,текстуры и фоны,"Ornate white label plaque on dark wooden planks, perfect for restaurant menus, vintage signs and shop branding",p16_block7.csv
1393352142,заготовки: рамки и бирки,"Plain white tag hanging on a grey studio wall, ideal for label mockups, price tags and minimal packaging art",p16_block7.csv
1393352168,интерьер и мебель,"Round wooden table with sculpted base in sunlight, perfect for furniture catalogs, interior decor and showrooms",p16_block7.csv
1393352173,заготовки: рамки и бирки,"White paper tag with rope floating on beige backdrop, ideal for product labels, price tags and shop mockups",p16_block7.csv
1393352239,интерьер и мебель,"Minimal wooden table against a plain beige wall, perfect for furniture ads, product staging and interior decks",p16_block7.csv
1393352270,интерьер и мебель,"Round wooden table with cross legs on beige wall, ideal for furniture catalogs, decor shops and interior blogs",p16_block7.csv
1393352305,интерьер и мебель,"Small wooden pedestal table on light grey backdrop, perfect for product display, decor ads and furniture shops",p16_block7.csv
1393352378,колоннады и залы,"Wooden log podiums arranged as a stage in warm light, ideal for product display, cosmetics ads and shop scenes",p16_block7.csv
1393352379,колоннады и залы,"Three wooden cylinder podiums on a round tray, perfect for product staging, jewelry displays and shop visuals",p16_block7.csv
1393352382,интерьер и мебель,"Wooden log stools against a fluted wall backdrop, ideal for interior decor, product scenes and studio staging",p16_block7.csv
1393352412,колоннады и залы,"Wooden podium blocks on a plank wall in wide banner, perfect for product mockups, shop headers and staging",p16_block7.csv
1393352423,колоннады и залы,"Wooden cylinder podiums of different heights on beige, ideal for cosmetics staging, product ads and mockups",p16_block7.csv
1393352425,колоннады и залы,"Four wooden podiums in a row on a wide pale banner, perfect for product display, shop headers and mockups",p16_block7.csv
1393352473,колоннады и залы,"Cluster of wooden cylinder stands in warm studio light, ideal for product photography, cosmetics and staging",p16_block7.csv
1393352523,интерьер и мебель,"Golden podium below a framed landscape painting, perfect for gallery scenes, luxury display and art branding",p16_block7.csv
1393352527,колоннады и залы,"Wooden podiums against a colorful paint splash wall, ideal for creative displays, art shops and product scenes",p16_block7.csv
1393352533,колоннады и залы,"Golden round podium glowing on warm gold backdrop, ideal for luxury product ads, awards and jewelry displays",p16_block8.csv
1393352538,колоннады и залы,"Wooden block podiums arranged on a grey backdrop, perfect for product mockups, packaging shots and staging",p16_block8.csv
1393352539,колоннады и залы,"Tall wooden cylinder podiums in a studio setup, ideal for cosmetics ads, product staging and shop visuals",p16_block8.csv
1393352583,колоннады и залы,"Golden stage podium framed by pleated gold curtain, perfect for award shows, gala promos and luxury reveals",p16_block8.csv
1393352632,колоннады и залы,"Tiered golden podium under a spotlight in vertical crop, ideal for award posts, luxury stories and reveals",p16_block8.csv
1393352644,заготовки: рамки и бирки,"Vintage marquee sign with bulbs on a theatre stage, perfect for cinema promos, event posters and retro branding",p16_block8.csv
1393352740,колоннады и залы,"Golden podium on a wooden stage under warm light, ideal for award ceremonies, product reveals and luxury ads",p16_block8.csv
1393352871,интерьер и мебель,"Marble and gold podium set in a bright interior, perfect for cosmetics staging, jewelry ads and luxury branding",p16_block8.csv
1393352909,цветы и ботаника,"Marble podium with a pink rose against gold relief, ideal for beauty branding, perfume ads and wedding decor",p16_block8.csv
1393353025,колоннады и залы,"Cosmetic jars staged on a marble arch podium, perfect for skincare branding, beauty ads and packaging shots",p16_block8.csv
1393353034,интерьер и мебель,"Marble bottles on a gold veined box in warm light, ideal for perfume branding, spa promos and luxury decor",p16_block8.csv
1393353191,битое стекло и осколки,"Single glass starburst floating on deep black, perfect for title cards, security graphics and minimal covers",p16_block8.csv
1393353209,лёд и охлаждение,"Ice shards bursting with droplets on dark blue floor, ideal for drink promos, cooling ads and winter headers",p16_block8.csv
1393353230,лёд и охлаждение,"Crushed ice glowing along a dark reflective banner, perfect for cocktail menus, bar branding and cooling ads",p16_block8.csv
1393353559,битое стекло и осколки,"Glass needles radiating in a symmetric star on black, ideal for tech covers, security art and title graphics",p16_block8.csv
1393353563,битое стекло и осколки,"Bullet hole in glass with fine cracks on dark grey, perfect for crime covers, news graphics and security ads",p16_block8.csv
1393353590,битое стекло и осколки,"Glass star burst with water drops on black background, ideal for album covers, film titles and dark banners",p16_block8.csv
